,rank,player,fg,fga,pct,lg,1-19,20-29,30-39,40-49,50+,xpt,xpa,g,fpts,fpts/g,rost,Season,pid,pos,sack,int,fr,ff,def td,sfty,spc td
0,1,Harrison Butker (KC),34.0,38.0,89.5,56.0,0.0,9.0,9.0,13.0,3.0,45.0,48.0,16,166.0,10.4,95.1%,2019,16712,dst,,,,,,,
1,2,Wil Lutz (DEN),32.0,36.0,88.9,58.0,1.0,9.0,6.0,13.0,3.0,48.0,49.0,16,163.0,10.2,0.9%,2019,16026,dst,,,,,,,
2,3,Justin Tucker (BAL),28.0,29.0,96.6,51.0,0.0,8.0,9.0,10.0,1.0,57.0,59.0,16,153.0,9.6,99.6%,2019,11465,dst,,,,,,,
3,4,Matt Gay (IND),27.0,35.0,77.1,58.0,0.0,6.0,5.0,11.0,5.0,43.0,48.0,16,145.0,9.1,51.1%,2019,18545,dst,,,,,,,
4,5,Zane Gonzalez (FA),31.0,35.0,88.6,54.0,0.0,12.0,12.0,5.0,2.0,34.0,35.0,16,136.0,8.5,0.1%,2019,16548,dst,,,,,,,
5,6,Josh Lambo (FA),33.0,34.0,97.1,56.0,0.0,12.0,9.0,8.0,4.0,19.0,20.0,16,134.0,8.4,0.1%,2019,14327,dst,,,,,,,
6,7,Matt Prater (ARI),26.0,31.0,83.9,56.0,0.0,11.0,2.0,6.0,7.0,35.0,36.0,16,133.0,8.3,1.9%,2019,9443,dst,,,,,,,
7,8,Dan Bailey (FA),27.0,29.0,93.1,50.0,0.0,10.0,9.0,5.0,3.0,40.0,44.0,16,132.0,8.3,0.0%,2019,10970,dst,,,,,,,
8,9,Brandon McManus (FA),29.0,34.0,85.3,53.0,0.0,6.0,8.0,11.0,4.0,25.0,26.0,16,131.0,8.2,0.1%,2019,13274,dst,,,,,,,
9,10,Greg Zuerlein (NYJ),24.0,33.0,72.7,58.0,0.0,7.0,7.0,5.0,5.0,42.0,42.0,16,129.0,8.1,73.1%,2019,11345,dst,,,,,,,
10,11,Chris Boswell (PIT),29.0,31.0,93.5,51.0,1.0,11.0,7.0,9.0,1.0,28.0,28.0,16,126.0,7.9,3.7%,2019,13029,dst,,,,,,,
11,12,Joey Slye (NE),25.0,32.0,78.1,55.0,0.0,3.0,5.0,6.0,8.0,31.0,35.0,16,119.0,7.4,0.1%,2019,19028,dst,,,,,,,
12,13,Randy Bullock (FA),27.0,31.0,87.1,57.0,0.0,10.0,6.0,10.0,1.0,24.0,25.0,16,117.0,7.3,0.0%,2019,11339,dst,,,,,,,
13,14,Jason Myers (SEA),23.0,28.0,82.1,54.0,0.0,6.0,11.0,4.0,2.0,40.0,44.0,16,117.0,7.3,4.6%,2019,14003,dst,,,,,,,
14,15,Jason Sanders (MIA),23.0,30.0,76.7,54.0,0.0,7.0,8.0,5.0,3.0,29.0,30.0,16,116.1,7.3,12.1%,2019,17533,dst,,,,,,,
15,16,Austin Seibert (NYJ),25.0,29.0,86.2,53.0,0.0,6.0,9.0,9.0,1.0,30.0,35.0,16,116.0,7.3,0.0%,2019,18689,dst,,,,,,,
16,17,Robbie Gould (FA),23.0,31.0,74.2,47.0,0.0,9.0,8.0,6.0,0.0,41.0,42.0,13,116.0,8.9,0.1%,2019,9534,dst,,,,,,,
17,18,Mason Crosby (FA),22.0,24.0,91.7,54.0,1.0,2.0,11.0,7.0,1.0,40.0,41.0,16,115.0,7.2,0.1%,2019,9433,dst,,,,,,,
18,19,Ka'imi Fairbairn (HOU),20.0,25.0,80.0,54.0,0.0,5.0,8.0,4.0,3.0,40.0,45.0,16,110.0,6.9,91.4%,2019,15756,dst,,,,,,,
19,20,Jake Elliott (PHI),22.0,26.0,84.6,53.0,0.0,7.0,8.0,5.0,2.0,35.0,37.0,16,109.0,6.8,98.3%,2019,16540,dst,,,,,,,
20,21,Dustin Hopkins (CLE),25.0,30.0,83.3,53.0,0.0,7.0,8.0,8.0,2.0,21.0,22.0,16,108.0,6.8,16.9%,2019,11818,dst,,,,,,,
21,22,Brett Maher (FA),20.0,30.0,66.7,63.0,0.0,9.0,6.0,1.0,4.0,36.0,36.0,13,105.0,8.1,0.0%,2019,12378,dst,,,,,,,
22,23,Eddy Pineiro (CAR),23.0,28.0,82.1,53.0,1.0,8.0,9.0,3.0,2.0,27.0,29.0,16,103.0,6.4,2.7%,2019,17575,dst,,,,,,,
23,24,Stephen Hauschka (FA),22.0,28.0,78.6,51.0,0.0,5.0,7.0,8.0,1.0,30.0,32.0,16,103.0,6.4,0.0%,2019,9581,dst,,,,,,,
24,25,Daniel Carlson (LV),19.0,26.0,73.1,48.0,0.0,8.0,5.0,6.0,0.0,34.0,36.0,16,97.0,6.1,4.4%,2019,17420,dst,,,,,,,
25,26,Sam Ficken (FA),19.0,27.0,70.4,54.0,0.0,2.0,7.0,7.0,3.0,23.0,26.0,15,93.0,6.2,0.0%,2019,16319,dst,,,,,,,
26,27,Younghoe Koo (ATL),23.0,26.0,88.5,50.0,0.0,6.0,9.0,7.0,1.0,15.0,16.0,8,93.0,11.6,80.5%,2019,16910,dst,,,,,,,
27,28,Chase McLaughlin (TB),18.0,23.0,78.3,50.0,1.0,5.0,4.0,5.0,3.0,26.0,26.0,11,91.0,8.3,4.0%,2019,19058,dst,,,,,,,
28,29,Adam Vinatieri (FA),17.0,25.0,68.0,55.0,0.0,6.0,6.0,3.0,2.0,22.0,28.0,12,80.0,6.7,0.2%,2019,9004,dst,,,,,,,
29,30,Aldrick Rosas (FA),12.0,17.0,70.6,45.0,0.0,6.0,5.0,1.0,0.0,35.0,39.0,16,72.0,4.5,0.0%,2019,16072,dst,,,,,,,
30,31,Michael Badgley (DET),13.0,16.0,81.3,49.0,0.0,5.0,2.0,6.0,0.0,19.0,19.0,9,64.0,7.1,2.7%,2019,17693,dst,,,,,,,
31,32,Nick Folk (TEN),14.0,17.0,82.4,51.0,1.0,5.0,3.0,4.0,1.0,12.0,12.0,7,60.0,8.6,3.0%,2019,9491,dst,,,,,,,
32,33,Kai Forbath (LAR),11.0,11.0,100.0,50.0,0.0,2.0,1.0,7.0,1.0,11.0,12.0,5,53.0,10.6,0.0%,2019,10081,dst,,,,,,,
33,34,Matt Bryant (FA),9.0,14.0,64.3,52.0,0.0,1.0,3.0,3.0,2.0,14.0,15.0,8,48.0,6.0,0.1%,2019,9434,dst,,,,,,,
34,35,Ty Long (FA),7.0,9.0,77.8,51.0,0.0,0.0,2.0,4.0,1.0,9.0,9.0,16,36.0,2.3,0.7%,2019,14347,dst,,,,,,,
35,36,Mike Nugent (FA),5.0,8.0,62.5,37.0,0.0,3.0,2.0,0.0,0.0,15.0,16.0,5,30.0,6.0,0.0%,2019,9474,dst,,,,,,,
36,37,Stephen Gostkowski (FA),7.0,8.0,87.5,41.0,0.0,2.0,3.0,1.0,0.0,11.0,15.0,4,30.0,7.5,0.1%,2019,9573,dst,,,,,,,
37,38,Cairo Santos (CHI),4.0,9.0,44.4,53.0,0.0,0.0,1.0,2.0,1.0,12.0,12.0,5,28.0,5.6,27.9%,2019,13731,dst,,,,,,,
38,39,Ryan Succop (FA),1.0,6.0,16.7,31.0,0.0,0.0,1.0,0.0,0.0,24.0,25.0,7,27.0,3.9,0.0%,2019,9549,dst,,,,,,,
39,40,Cody Parkey (FA),3.0,3.0,100.0,51.0,0.0,0.0,0.0,2.0,1.0,5.0,6.0,4,18.0,4.5,0.1%,2019,13806,dst,,,,,,,
40,41,Greg Joseph (GB),0.0,0.0,0.0,0.0,0.0,0.0,0.0,0.0,0.0,9.0,9.0,3,9.0,3.0,0.2%,2019,17647,dst,,,,,,,
41,42,Matt McCrane (FA),0.0,0.0,0.0,0.0,0.0,0.0,0.0,0.0,0.0,0.0,0.0,1,0.0,0.0,0.0%,2019,17893,dst,,,,,,,
42,43,Ryan Santoso (FA),0.0,0.0,0.0,0.0,0.0,0.0,0.0,0.0,0.0,0.0,0.0,3,0.0,0.0,0.0%,2019,17792,dst,,,,,,,
43,44,Kaare Vedvik (FA),0.0,1.0,0.0,0.0,0.0,0.0,0.0,0.0,0.0,0.0,1.0,1,0.0,0.0,0.2%,2019,17686,dst,,,,,,,
44,45,Sebastian Janikowski (FA),0.0,0.0,0.0,0.0,0.0,0.0,0.0,0.0,0.0,0.0,0.0,1,0.0,0.0,11.0%,2019,9560,dst,,,,,,,
45,46,Giorgio Tavecchio (FA),0.0,0.0,0.0,0.0,0.0,0.0,0.0,0.0,0.0,0.0,0.0,1,0.0,0.0,0.0%,2019,11145,dst,,,,,,,
46,47,Kasey Redfern (FA),0.0,0.0,0.0,0.0,0.0,0.0,0.0,0.0,0.0,0.0,0.0,3,0.0,0.0,0.0%,2019,15228,dst,,,,,,,
47,48,Graham Gano (NYG),0.0,0.0,0.0,0.0,0.0,0.0,0.0,0.0,0.0,0.0,0.0,1,0.0,0.0,0.8%,2019,9232,dst,,,,,,,
48,49,Michael Palardy (FA),0.0,0.0,0.0,0.0,0.0,0.0,0.0,0.0,0.0,0.0,0.0,16,0.0,0.0,33.3%,2019,13847,dst,,,,,,,
49,50,Caleb Sturgis (FA),0.0,0.0,0.0,0.0,0.0,0.0,0.0,0.0,0.0,0.0,0.0,1,0.0,0.0,0.0%,2019,11815,dst,,,,,,,
0,1,Jason Sanders (MIA),36.0,39.0,92.3,56.0,1.0,8.0,7.0,12.0,8.0,36.0,36.0,16,172.0,10.8,12.1%,2020,17533,dst,,,,,,,
1,2,Younghoe Koo (ATL),37.0,39.0,94.9,54.0,0.0,10.0,11.0,8.0,8.0,33.0,36.0,15,168.0,11.2,80.5%,2020,16910,dst,,,,,,,
2,3,Tyler Bass (BUF),28.0,34.0,82.4,58.0,1.0,9.0,6.0,8.0,4.0,57.0,59.0,16,157.0,9.8,16.4%,2020,19760,dst,,,,,,,
3,4,Daniel Carlson (LV),33.0,35.0,94.3,54.0,0.0,18.0,8.0,3.0,4.0,45.0,47.0,16,155.0,9.7,4.4%,2020,17420,dst,,,,,,,
4,5,Greg Zuerlein (NYJ),34.0,41.0,82.9,59.0,1.0,5.0,13.0,12.0,3.0,33.0,36.0,16,153.0,9.6,73.1%,2020,11345,dst,,,,,,,
5,6,Rodrigo Blankenship (FA),32.0,37.0,86.5,53.0,0.0,10.0,12.0,9.0,1.0,43.0,45.0,16,150.0,9.4,0.1%,2020,19469,dst,,,,,,,
6,7,Ryan Succop (FA),28.0,31.0,90.3,50.0,1.0,10.0,9.0,7.0,1.0,52.0,57.0,16,145.0,9.1,0.0%,2020,9549,dst,,,,,,,
7,8,Justin Tucker (BAL),26.0,29.0,89.7,55.0,0.0,8.0,6.0,9.0,3.0,52.0,53.0,16,145.0,9.1,99.6%,2020,11465,dst,,,,,,,
8,9,Cairo Santos (CHI),30.0,32.0,93.8,55.0,0.0,9.0,10.0,9.0,2.0,36.0,37.0,16,139.0,8.7,27.9%,2020,13731,dst,,,,,,,
9,10,Jason Myers (SEA),24.0,24.0,100.0,61.0,0.0,2.0,7.0,13.0,2.0,49.0,53.0,16,138.0,8.6,4.6%,2020,14003,dst,,,,,,,
10,11,Brandon McManus (FA),28.0,34.0,82.4,58.0,0.0,6.0,4.0,8.0,10.0,24.0,27.0,15,136.0,9.1,0.1%,2020,13274,dst,,,,,,,
11,12,Wil Lutz (DEN),23.0,28.0,82.1,53.0,0.0,5.0,10.0,7.0,1.0,57.0,58.0,16,135.0,8.4,0.9%,2020,16026,dst,,,,,,,
12,13,Harrison Butker (KC),25.0,27.0,92.6,58.0,2.0,7.0,9.0,3.0,4.0,48.0,54.0,16,134.0,8.4,95.1%,2020,16712,dst,,,,,,,
13,14,Graham Gano (NYG),31.0,32.0,96.9,55.0,0.0,4.0,13.0,9.0,5.0,21.0,23.0,16,133.0,8.3,0.8%,2020,9232,dst,,,,,,,
14,15,Ka'imi Fairbairn (HOU),27.0,31.0,87.1,54.0,0.0,8.0,9.0,6.0,4.0,37.0,40.0,16,132.0,8.3,91.4%,2020,15756,dst,,,,,,,
15,16,Joey Slye (NE),29.0,36.0,80.6,56.0,0.0,11.0,10.0,7.0,1.0,33.0,36.0,16,129.0,8.1,0.1%,2020,19028,dst,,,,,,,
16,17,Dustin Hopkins (CLE),27.0,34.0,79.4,51.0,0.0,5.0,7.0,13.0,2.0,30.0,32.0,16,128.0,8.0,16.9%,2020,11818,dst,,,,,,,
17,18,Nick Folk (TEN),26.0,28.0,92.9,51.0,0.0,6.0,7.0,11.0,2.0,30.0,33.0,16,123.0,7.7,3.0%,2020,9491,dst,,,,,,,
18,19,Mason Crosby (FA),16.0,16.0,100.0,57.0,1.0,1.0,5.0,5.0,4.0,59.0,63.0,16,120.0,7.5,0.1%,2020,9433,dst,,,,,,,
19,20,Michael Badgley (DET),24.0,33.0,72.7,53.0,0.0,8.0,6.0,8.0,2.0,36.0,39.0,16,120.0,7.5,2.7%,2020,17693,dst,,,,,,,
20,21,Stephen Gostkowski (FA),18.0,26.0,69.2,55.0,0.0,2.0,4.0,5.0,7.0,46.0,48.0,15,119.0,7.9,0.1%,2020,9573,dst,,,,,,,
21,22,Matt Prater (ARI),21.0,28.0,75.0,59.0,0.0,4.0,7.0,4.0,6.0,38.0,41.0,16,117.0,7.3,1.9%,2020,9443,dst,,,,,,,
22,23,Cody Parkey (FA),19.0,22.0,86.4,46.0,0.0,5.0,4.0,10.0,0.0,43.0,47.0,15,110.0,7.3,0.1%,2020,13806,dst,,,,,,,
23,24,Robbie Gould (FA),19.0,23.0,82.6,52.0,0.0,3.0,5.0,9.0,2.0,36.0,38.0,15,106.0,7.1,0.1%,2020,9534,dst,,,,,,,
24,25,Randy Bullock (FA),21.0,26.0,80.8,55.0,0.0,3.0,8.0,7.0,3.0,24.0,25.0,12,100.0,8.3,0.0%,2020,11339,dst,,,,,,,
25,26,Chris Boswell (PIT),19.0,20.0,95.0,59.0,0.0,5.0,6.0,7.0,1.0,34.0,38.0,13,100.0,7.7,3.7%,2020,13029,dst,,,,,,,
26,27,Zane Gonzalez (FA),16.0,22.0,72.7,56.0,0.0,4.0,2.0,8.0,2.0,38.0,39.0,12,98.0,8.2,0.1%,2020,16548,dst,,,,,,,
27,28,Dan Bailey (FA),15.0,22.0,68.2,53.0,0.0,6.0,3.0,4.0,2.0,37.0,43.0,16,90.0,5.6,0.0%,2020,10970,dst,,,,,,,
28,29,Jake Elliott (PHI),14.0,19.0,73.7,54.0,0.0,1.0,6.0,5.0,2.0,24.0,26.0,16,75.0,4.7,98.3%,2020,16540,dst,,,,,,,
29,30,Matt Gay (IND),14.0,16.0,87.5,51.0,0.0,2.0,5.0,6.0,1.0,16.0,16.0,7,66.0,9.4,51.1%,2020,18545,dst,,,,,,,
30,31,Sam Sloman (FA),10.0,13.0,76.9,47.0,0.0,2.0,6.0,2.0,0.0,23.0,26.0,8,55.0,6.9,0.0%,2020,19762,dst,,,,,,,
31,32,Sam Ficken (FA),13.0,15.0,86.7,54.0,0.0,5.0,6.0,1.0,1.0,12.0,15.0,9,54.0,6.0,0.0%,2020,16319,dst,,,,,,,
32,33,Aldrick Rosas (FA),8.0,11.0,72.7,54.0,0.0,3.0,2.0,0.0,3.0,9.0,9.0,6,39.0,6.5,0.0%,2020,16072,dst,,,,,,,
33,34,Sergio Castillo (FA),8.0,13.0,61.5,55.0,0.0,1.0,3.0,2.0,2.0,6.0,7.0,6,36.0,6.0,0.0%,2020,13751,dst,,,,,,,
34,35,Mike Nugent (FA),7.0,8.0,87.5,43.0,0.0,1.0,4.0,2.0,0.0,7.0,7.0,4,30.0,7.5,0.0%,2020,9474,dst,,,,,,,
35,36,Josh Lambo (FA),5.0,5.0,100.0,59.0,0.0,0.0,2.0,1.0,2.0,8.0,10.0,4,28.0,7.0,0.1%,2020,14327,dst,,,,,,,
36,37,Austin Seibert (NYJ),6.0,9.0,66.7,48.0,0.0,0.0,5.0,1.0,0.0,8.0,9.0,5,27.0,5.4,0.0%,2020,18689,dst,,,,,,,
37,38,Matthew Wright (PIT),4.0,4.0,100.0,46.0,0.0,1.0,1.0,2.0,0.0,7.0,7.0,3,21.0,7.0,0.0%,2020,18779,dst,,,,,,,
38,39,Chase McLaughlin (TB),4.0,5.0,80.0,52.0,0.0,1.0,1.0,1.0,1.0,5.0,6.0,4,20.0,5.0,4.0%,2020,19058,dst,,,,,,,
39,40,Tristan Vizcaino (FA),3.0,3.0,100.0,47.0,0.0,0.0,2.0,1.0,0.0,2.0,2.0,1,12.0,12.0,0.0%,2020,18670,dst,,,,,,,
40,41,Kai Forbath (LAR),2.0,3.0,66.7,23.0,0.0,2.0,0.0,0.0,0.0,4.0,5.0,2,10.0,5.0,0.0%,2020,10081,dst,,,,,,,
41,42,Jonathan Brown (FA),1.0,2.0,50.0,31.0,0.0,0.0,1.0,0.0,0.0,1.0,1.0,1,4.0,4.0,0.0%,2020,16007,dst,,,,,,,
42,43,Elliott Fry (FA),1.0,1.0,100.0,23.0,0.0,1.0,0.0,0.0,0.0,1.0,2.0,1,4.0,4.0,0.0%,2020,18672,dst,,,,,,,
43,44,Stephen Hauschka (FA),0.0,2.0,0.0,0.0,0.0,0.0,0.0,0.0,0.0,2.0,2.0,1,2.0,2.0,0.0%,2020,9581,dst,,,,,,,
44,45,Taylor Russolino (FA),0.0,1.0,0.0,0.0,0.0,0.0,0.0,0.0,0.0,1.0,3.0,1,1.0,1.0,0.0%,2020,22680,dst,,,,,,,
45,46,Brandon Wright (FA),0.0,0.0,0.0,0.0,0.0,0.0,0.0,0.0,0.0,1.0,2.0,1,1.0,1.0,0.0%,2020,20005,dst,,,,,,,
46,47,Ty Long (FA),0.0,0.0,0.0,0.0,0.0,0.0,0.0,0.0,0.0,0.0,0.0,16,-2.8,-0.2,0.7%,2020,14347,dst,,,,,,,
0,1,Daniel Carlson (LV),40.0,43.0,93.0,56.0,0.0,10.0,12.0,12.0,6.0,30.0,33.0,17,174.0,10.2,4.4%,2021,17420,dst,,,,,,,
1,2,Nick Folk (TEN),36.0,39.0,92.3,53.0,0.0,9.0,11.0,11.0,5.0,42.0,47.0,17,171.0,10.1,3.0%,2021,9491,dst,,,,,,,
2,3,Chris Boswell (PIT),36.0,40.0,90.0,56.0,0.0,9.0,8.0,11.0,8.0,27.0,29.0,17,162.0,9.5,3.7%,2021,13029,dst,,,,,,,
3,4,Justin Tucker (BAL),35.0,37.0,94.6,66.0,0.0,7.0,9.0,13.0,6.0,32.0,32.0,17,162.0,9.5,99.6%,2021,11465,dst,,,,,,,
4,5,Matt Gay (IND),32.0,34.0,94.1,55.0,0.0,6.0,15.0,7.0,4.0,48.0,49.0,17,159.0,9.4,51.1%,2021,18545,dst,,,,,,,
5,6,Greg Joseph (GB),33.0,38.0,86.8,55.0,0.0,8.0,11.0,7.0,7.0,36.0,40.0,17,156.0,9.2,0.2%,2021,17647,dst,,,,,,,
6,7,Matt Prater (ARI),30.0,37.0,81.1,62.0,0.0,11.0,9.0,3.0,7.0,47.0,49.0,17,154.0,9.1,1.9%,2021,9443,dst,,,,,,,
7,8,Evan McPherson (CIN),28.0,33.0,84.8,58.0,0.0,5.0,8.0,6.0,9.0,46.0,48.0,16,154.0,9.6,87.6%,2021,23297,dst,,,,,,,
8,9,Jake Elliott (PHI),30.0,33.0,90.9,58.0,0.0,7.0,10.0,10.0,3.0,44.0,44.0,17,150.0,8.8,98.3%,2021,16540,dst,,,,,,,
9,10,Dustin Hopkins (CLE),30.0,34.0,88.2,50.0,1.0,8.0,6.0,13.0,2.0,40.0,44.0,17,147.0,8.6,16.9%,2021,11818,dst,,,,,,,
10,11,Tyler Bass (BUF),28.0,32.0,87.5,57.0,0.0,15.0,7.0,4.0,2.0,51.0,51.0,17,143.0,8.4,16.4%,2021,19760,dst,,,,,,,
11,12,Greg Zuerlein (NYJ),29.0,35.0,82.9,56.0,0.0,5.0,15.0,7.0,2.0,42.0,48.0,16,140.0,8.8,73.1%,2021,11345,dst,,,,,,,
12,13,Harrison Butker (KC),25.0,28.0,89.3,56.0,0.0,3.0,11.0,4.0,7.0,47.0,49.0,16,140.0,8.8,95.1%,2021,16712,dst,,,,,,,
13,14,Ryan Succop (FA),25.0,30.0,83.3,48.0,0.0,11.0,7.0,7.0,0.0,56.0,59.0,17,138.0,8.1,0.0%,2021,9549,dst,,,,,,,
14,15,Mason Crosby (FA),25.0,34.0,73.5,54.0,0.0,9.0,9.0,4.0,3.0,49.0,51.0,17,134.0,7.9,0.1%,2021,9433,dst,,,,,,,
15,16,Randy Bullock (FA),26.0,31.0,83.9,51.0,0.0,5.0,12.0,8.0,1.0,42.0,45.0,16,130.0,8.1,0.0%,2021,11339,dst,,,,,,,
16,17,Brandon McManus (FA),26.0,31.0,83.9,61.0,0.0,7.0,6.0,8.0,5.0,33.0,34.0,17,129.0,7.6,0.1%,2021,13274,dst,,,,,,,
17,18,Younghoe Koo (ATL),27.0,29.0,93.1,54.0,0.0,8.0,9.0,6.0,4.0,30.0,30.0,17,125.0,7.4,80.5%,2021,16910,dst,,,,,,,
18,19,Graham Gano (NYG),29.0,33.0,87.9,55.0,0.0,5.0,12.0,5.0,7.0,17.0,17.0,17,123.0,7.2,0.8%,2021,9232,dst,,,,,,,
19,20,Cairo Santos (CHI),26.0,30.0,86.7,47.0,0.0,10.0,5.0,11.0,0.0,27.0,28.0,17,116.0,6.8,27.9%,2021,13731,dst,,,,,,,
20,21,Jason Sanders (MIA),23.0,31.0,74.2,51.0,0.0,6.0,7.0,8.0,2.0,34.0,35.0,17,115.0,6.8,12.1%,2021,17533,dst,,,,,,,
21,22,Robbie Gould (FA),20.0,23.0,87.0,52.0,0.0,6.0,4.0,7.0,3.0,39.0,40.0,13,112.0,8.6,0.1%,2021,9534,dst,,,,,,,
22,23,Jason Myers (SEA),17.0,23.0,73.9,53.0,0.0,2.0,9.0,3.0,3.0,44.0,47.0,17,104.0,6.1,4.6%,2021,14003,dst,,,,,,,
23,24,Michael Badgley (DET),18.0,22.0,81.8,46.0,0.0,4.0,6.0,8.0,0.0,40.0,41.0,13,102.0,7.8,2.7%,2021,17693,dst,,,,,,,
24,25,Joey Slye (NE),23.0,25.0,92.0,56.0,0.0,9.0,5.0,5.0,4.0,18.0,22.0,12,100.0,8.3,0.1%,2021,19028,dst,,,,,,,
25,26,Zane Gonzalez (FA),20.0,22.0,90.9,57.0,0.0,6.0,1.0,10.0,3.0,22.0,23.0,12,98.0,8.2,0.1%,2021,16548,dst,,,,,,,
26,27,Chase McLaughlin (TB),15.0,21.0,71.4,57.0,0.0,3.0,4.0,4.0,4.0,36.0,37.0,16,93.0,5.8,4.0%,2021,19058,dst,,,,,,,
27,28,Matthew Wright (PIT),21.0,24.0,87.5,56.0,0.0,7.0,7.0,3.0,4.0,13.0,15.0,14,87.0,6.2,0.0%,2021,18779,dst,,,,,,,
28,29,Ka'imi Fairbairn (HOU),15.0,19.0,78.9,61.0,0.0,4.0,5.0,2.0,4.0,13.0,16.0,13,68.0,5.2,91.4%,2021,15756,dst,,,,,,,
29,30,Brett Maher (FA),16.0,18.0,88.9,42.0,0.0,4.0,8.0,4.0,0.0,10.0,12.0,8,62.0,7.8,0.0%,2021,12378,dst,,,,,,,
30,31,Riley Patterson (FA),13.0,14.0,92.9,49.0,0.0,3.0,6.0,4.0,0.0,16.0,16.0,7,59.0,8.4,0.2%,2021,23370,dst,,,,,,,
31,32,Matt Ammendola (FA),13.0,19.0,68.4,49.0,0.0,5.0,6.0,2.0,0.0,14.0,15.0,11,55.0,5.0,0.0%,2021,19766,dst,,,,,,,
32,33,Rodrigo Blankenship (FA),11.0,14.0,78.6,48.0,0.0,3.0,3.0,5.0,0.0,7.0,8.0,5,45.0,9.0,0.1%,2021,19469,dst,,,,,,,
33,34,Austin Seibert (NYJ),10.0,12.0,83.3,52.0,0.0,0.0,4.0,5.0,1.0,5.0,5.0,6,42.0,7.0,0.0%,2021,18689,dst,,,,,,,
34,35,Brian Johnson (FA),10.0,10.0,100.0,52.0,0.0,5.0,3.0,1.0,1.0,9.0,13.0,8,42.0,5.3,0.0%,2021,23510,dst,,,,,,,
35,36,Eddy Pineiro (CAR),8.0,8.0,100.0,51.0,0.0,2.0,2.0,3.0,1.0,9.0,10.0,5,38.0,7.6,2.7%,2021,17575,dst,,,,,,,
36,37,Tristan Vizcaino (FA),6.0,7.0,85.7,46.0,0.0,3.0,2.0,1.0,0.0,10.0,15.0,6,29.0,4.8,0.0%,2021,18670,dst,,,,,,,
37,38,Aldrick Rosas (FA),2.0,5.0,40.0,44.0,0.0,0.0,0.0,2.0,0.0,14.0,14.0,5,22.0,4.4,0.0%,2021,16072,dst,,,,,,,
38,39,Lirim Hajrullahu (FA),4.0,5.0,80.0,35.0,0.0,2.0,2.0,0.0,0.0,8.0,8.0,4,20.0,5.0,0.1%,2021,19774,dst,,,,,,,
39,40,Ryan Santoso (FA),4.0,5.0,80.0,35.0,0.0,3.0,1.0,0.0,0.0,6.0,8.0,4,18.0,4.5,0.0%,2021,17792,dst,,,,,,,
40,41,Elliott Fry (FA),4.0,5.0,80.0,44.0,0.0,0.0,3.0,1.0,0.0,4.0,5.0,3,17.0,5.7,0.0%,2021,18672,dst,,,,,,,
41,42,Dominik Eberle (FA),2.0,3.0,66.7,51.0,0.0,1.0,0.0,0.0,1.0,5.0,5.0,1,13.0,13.0,0.0%,2021,19407,dst,,,,,,,
42,43,Chris Blewitt (FA),2.0,5.0,40.0,52.0,0.0,0.0,0.0,1.0,1.0,2.0,2.0,2,11.0,5.5,0.1%,2021,18659,dst,,,,,,,
43,44,Josh Lambo (FA),0.0,3.0,0.0,0.0,0.0,0.0,0.0,0.0,0.0,5.0,7.0,3,5.0,1.7,0.1%,2021,14327,dst,,,,,,,
44,45,Chris Naggar (FA),1.0,1.0,100.0,37.0,0.0,0.0,1.0,0.0,0.0,1.0,2.0,1,4.0,4.0,0.2%,2021,23462,dst,,,,,,,
45,46,Cody Parkey (FA),0.0,0.0,0.0,0.0,0.0,0.0,0.0,0.0,0.0,3.0,5.0,1,3.0,3.0,0.1%,2021,13806,dst,,,,,,,
46,47,Cameron Nizialek (FA),0.0,0.0,0.0,0.0,0.0,0.0,0.0,0.0,0.0,0.0,0.0,4,0.0,0.0,,2021,19136,dst,,,,,,,
47,48,JJ Molson (FA),0.0,0.0,0.0,0.0,0.0,0.0,0.0,0.0,0.0,0.0,0.0,1,0.0,0.0,,2021,19761,dst,,,,,,,
48,49,Alex Kessman (FA),0.0,0.0,0.0,0.0,0.0,0.0,0.0,0.0,0.0,0.0,2.0,1,0.0,0.0,0.0%,2021,23373,dst,,,,,,,
49,50,Michael Palardy (FA),0.0,0.0,0.0,0.0,0.0,0.0,0.0,0.0,0.0,0.0,0.0,17,0.0,0.0,33.3%,2021,13847,dst,,,,,,,
50,51,Ty Long (FA),0.0,0.0,0.0,0.0,0.0,0.0,0.0,0.0,0.0,0.0,0.0,15,0.0,0.0,0.7%,2021,14347,dst,,,,,,,
0,1,Justin Tucker (BAL),37.0,43.0,86.0,58.0,0.0,13.0,11.0,4.0,9.0,31.0,32.0,17,164.0,9.6,99.6%,2022,11465,dst,,,,,,,
1,2,Daniel Carlson (LV),34.0,37.0,91.9,57.0,0.0,9.0,11.0,3.0,11.0,35.0,36.0,17,162.0,9.5,4.4%,2022,17420,dst,,,,,,,
2,3,Brett Maher (FA),29.0,32.0,90.6,60.0,0.0,9.0,5.0,6.0,9.0,50.0,53.0,17,161.0,9.5,0.0%,2022,12378,dst,,,,,,,
3,4,Jason Myers (SEA),34.0,37.0,91.9,56.0,0.0,9.0,15.0,4.0,6.0,41.0,42.0,17,159.0,9.4,4.6%,2022,14003,dst,,,,,,,
4,5,Younghoe Koo (ATL),32.0,37.0,86.5,54.0,0.0,9.0,7.0,9.0,7.0,33.0,35.0,17,152.0,8.9,80.5%,2022,16910,dst,,,,,,,
5,6,Eddy Pineiro (CAR),33.0,35.0,94.3,54.0,0.0,2.0,16.0,13.0,2.0,30.0,32.0,17,146.0,8.6,2.7%,2022,17575,dst,,,,,,,
6,7,Nick Folk (TEN),32.0,37.0,86.5,54.0,1.0,9.0,8.0,10.0,4.0,32.0,35.0,17,146.0,8.6,3.0%,2022,9491,dst,,,,,,,
7,8,Tyler Bass (BUF),28.0,32.0,87.5,56.0,0.0,5.0,11.0,10.0,2.0,48.0,50.0,17,146.0,8.6,16.4%,2022,19760,dst,,,,,,,
8,9,Graham Gano (NYG),29.0,32.0,90.6,57.0,0.0,2.0,9.0,10.0,8.0,32.0,34.0,17,145.0,8.5,0.8%,2022,9232,dst,,,,,,,
9,10,Robbie Gould (FA),27.0,32.0,84.4,51.0,0.0,13.0,5.0,7.0,2.0,50.0,51.0,17,142.0,8.4,0.1%,2022,9534,dst,,,,,,,
10,11,Riley Patterson (FA),30.0,35.0,85.7,53.0,0.0,8.0,10.0,10.0,2.0,36.0,37.0,17,140.0,8.2,0.2%,2022,23370,dst,,,,,,,
11,12,Greg Zuerlein (NYJ),30.0,37.0,81.1,60.0,0.0,5.0,10.0,9.0,6.0,28.0,29.0,17,139.0,8.2,73.1%,2022,11345,dst,,,,,,,
12,13,Chase McLaughlin (TB),30.0,36.0,83.3,54.0,0.0,7.0,5.0,9.0,9.0,21.0,21.0,16,138.0,8.6,4.0%,2022,19058,dst,,,,,,,
13,14,Jason Sanders (MIA),26.0,32.0,81.3,55.0,0.0,5.0,7.0,12.0,2.0,41.0,44.0,17,135.0,7.9,12.1%,2022,17533,dst,,,,,,,
14,15,Brandon McManus (FA),28.0,36.0,77.8,55.0,0.0,6.0,4.0,10.0,8.0,25.0,27.0,17,135.0,7.9,0.1%,2022,13274,dst,,,,,,,
15,16,Matt Gay (IND),28.0,30.0,93.3,58.0,0.0,9.0,8.0,4.0,7.0,31.0,32.0,17,133.0,7.8,51.1%,2022,18545,dst,,,,,,,
16,17,Ryan Succop (FA),31.0,38.0,81.6,54.0,0.0,10.0,7.0,12.0,2.0,24.0,25.0,17,133.0,7.8,0.0%,2022,9549,dst,,,,,,,
17,18,Greg Joseph (GB),26.0,33.0,78.8,61.0,0.0,10.0,5.0,7.0,4.0,40.0,46.0,17,133.0,7.8,0.2%,2022,17647,dst,,,,,,,
18,19,Evan McPherson (CIN),24.0,29.0,82.8,59.0,1.0,5.0,4.0,9.0,5.0,41.0,45.0,17,132.0,7.8,87.6%,2022,23297,dst,,,,,,,
19,20,Ka'imi Fairbairn (HOU),29.0,31.0,93.5,56.0,0.0,7.0,7.0,9.0,6.0,24.0,24.0,17,132.0,7.8,91.4%,2022,15756,dst,,,,,,,
20,21,Jake Elliott (PHI),20.0,23.0,87.0,56.0,0.0,6.0,8.0,1.0,5.0,51.0,53.0,16,122.0,7.6,98.3%,2022,16540,dst,,,,,,,
21,22,Cade York (WAS),24.0,32.0,75.0,58.0,0.0,5.0,9.0,6.0,4.0,35.0,37.0,17,121.0,7.1,0.1%,2022,24549,dst,,,,,,,
22,23,Mason Crosby (FA),25.0,29.0,86.2,56.0,0.0,10.0,8.0,6.0,1.0,37.0,39.0,17,120.0,7.1,0.1%,2022,9433,dst,,,,,,,
23,24,Michael Badgley (DET),24.0,28.0,85.7,53.0,0.0,6.0,7.0,9.0,2.0,33.0,33.0,13,118.0,9.1,2.7%,2022,17693,dst,,,,,,,
24,25,Joey Slye (NE),25.0,30.0,83.3,58.0,1.0,8.0,4.0,8.0,4.0,24.0,28.0,17,115.0,6.8,0.1%,2022,19028,dst,,,,,,,
25,26,Wil Lutz (DEN),23.0,31.0,74.2,60.0,0.0,6.0,9.0,4.0,4.0,33.0,33.0,17,114.0,6.7,0.9%,2022,16026,dst,,,,,,,
26,27,Cairo Santos (CHI),21.0,23.0,91.3,51.0,0.0,4.0,7.0,6.0,4.0,27.0,32.0,16,104.0,6.5,27.9%,2022,13731,dst,,,,,,,
27,28,Harrison Butker (KC),18.0,24.0,75.0,62.0,0.0,7.0,4.0,4.0,3.0,38.0,41.0,13,102.0,7.8,95.1%,2022,16712,dst,,,,,,,
28,29,Matt Prater (ARI),22.0,25.0,88.0,57.0,0.0,1.0,10.0,6.0,5.0,17.0,18.0,13,99.0,7.6,1.9%,2022,9443,dst,,,,,,,
29,30,Chris Boswell (PIT),20.0,28.0,71.4,59.0,0.0,4.0,4.0,5.0,7.0,18.0,18.0,12,97.0,8.1,3.7%,2022,13029,dst,,,,,,,
30,31,Cameron Dicker (LAC),21.0,22.0,95.5,48.0,0.0,7.0,7.0,7.0,0.0,24.0,24.0,11,94.0,8.5,41.3%,2022,23901,dst,,,,,,,
31,32,Randy Bullock (FA),17.0,20.0,85.0,51.0,0.0,5.0,5.0,6.0,1.0,28.0,28.0,16,87.0,5.4,0.0%,2022,11339,dst,,,,,,,
32,33,Matthew Wright (PIT),15.0,18.0,83.3,59.0,0.0,1.0,6.0,6.0,2.0,15.0,15.0,6,70.0,11.7,0.0%,2022,18779,dst,,,,,,,
33,34,Dustin Hopkins (CLE),9.0,10.0,90.0,43.0,0.0,2.0,6.0,1.0,0.0,12.0,12.0,5,40.0,8.0,16.9%,2022,11818,dst,,,,,,,
34,35,Austin Seibert (NYJ),3.0,5.0,60.0,48.0,0.0,0.0,1.0,2.0,0.0,12.0,12.0,3,23.0,7.7,0.0%,2022,18689,dst,,,,,,,
35,36,Matt Ammendola (FA),5.0,7.0,71.4,31.0,1.0,3.0,1.0,0.0,0.0,5.0,7.0,4,20.0,5.0,0.0%,2022,19766,dst,,,,,,,
36,37,Rodrigo Blankenship (FA),4.0,5.0,80.0,50.0,0.0,2.0,0.0,1.0,1.0,4.0,5.0,3,19.0,6.3,0.1%,2022,19469,dst,,,,,,,
37,38,Taylor Bertolet (FA),3.0,3.0,100.0,28.0,0.0,3.0,0.0,0.0,0.0,6.0,6.0,3,15.0,5.0,0.0%,2022,15907,dst,,,,,,,
38,39,Tristan Vizcaino (FA),2.0,2.0,100.0,46.0,0.0,0.0,1.0,1.0,0.0,3.0,3.0,3,10.0,3.3,0.0%,2022,18670,dst,,,,,,,
39,40,Caleb Shudak (FA),3.0,4.0,75.0,38.0,0.0,1.0,2.0,0.0,0.0,1.0,1.0,1,10.0,10.0,0.0%,2022,24588,dst,,,,,,,
40,41,Nick Sciba (FA),2.0,2.0,100.0,38.0,0.0,1.0,1.0,0.0,0.0,1.0,1.0,1,7.0,7.0,0.1%,2022,23983,dst,,,,,,,
41,42,Dominik Eberle (FA),1.0,1.0,100.0,49.0,0.0,0.0,0.0,1.0,0.0,2.0,4.0,1,6.0,6.0,0.0%,2022,19407,dst,,,,,,,
42,43,Josh Lambo (FA),0.0,0.0,0.0,0.0,0.0,0.0,0.0,0.0,0.0,3.0,4.0,1,3.0,3.0,0.1%,2022,14327,dst,,,,,,,
43,44,Ramiz Ahmed (FA),0.0,0.0,0.0,0.0,0.0,0.0,0.0,0.0,0.0,0.0,0.0,1,0.0,0.0,0.1%,2022,19777,dst,,,,,,,
44,45,Quinn Nordin (FA),0.0,0.0,0.0,0.0,0.0,0.0,0.0,0.0,0.0,0.0,0.0,3,0.0,0.0,0.0%,2022,23460,dst,,,,,,,
45,46,Michael Palardy (FA),0.0,0.0,0.0,0.0,0.0,0.0,0.0,0.0,0.0,0.0,0.0,8,0.0,0.0,33.3%,2022,13847,dst,,,,,,,
0,1,Brandon Aubrey (DAL),36.0,38.0,94.7,60.0,0.0,9.0,13.0,4.0,10.0,49.0,52.0,17,181.0,10.6,98.7%,2023,26068,dst,,,,,,,
1,2,Justin Tucker (BAL),32.0,37.0,86.5,50.0,0.0,10.0,10.0,11.0,1.0,51.0,52.0,17,160.0,9.4,99.6%,2023,11465,dst,,,,,,,
2,3,Jason Myers (SEA),35.0,42.0,83.3,55.0,0.0,8.0,11.0,12.0,4.0,33.0,33.0,17,158.0,9.3,4.6%,2023,14003,dst,,,,,,,
3,4,Cairo Santos (CHI),35.0,38.0,92.1,55.0,0.0,9.0,11.0,8.0,7.0,31.0,33.0,17,158.0,9.3,27.9%,2023,13731,dst,,,,,,,
4,5,Matt Gay (IND),33.0,41.0,80.5,57.0,0.0,9.0,9.0,7.0,8.0,35.0,36.0,17,157.0,9.2,51.1%,2023,18545,dst,,,,,,,
5,6,Jake Elliott (PHI),30.0,32.0,93.8,61.0,0.0,9.0,7.0,7.0,7.0,45.0,46.0,17,156.0,9.2,98.3%,2023,16540,dst,,,,,,,
6,7,Harrison Butker (KC),33.0,35.0,94.3,60.0,0.0,8.0,13.0,7.0,5.0,38.0,38.0,17,154.0,9.1,95.1%,2023,16712,dst,,,,,,,
7,8,Cameron Dicker (LAC),31.0,33.0,93.9,55.0,0.0,7.0,8.0,9.0,7.0,35.0,35.0,17,151.0,8.9,41.3%,2023,23901,dst,,,,,,,
8,9,Blake Grupe (NO),30.0,37.0,81.1,55.0,0.0,10.0,6.0,8.0,6.0,40.0,40.0,17,150.0,8.8,0.7%,2023,25533,dst,,,,,,,
9,10,Dustin Hopkins (CLE),33.0,36.0,91.7,58.0,0.0,8.0,7.0,10.0,8.0,24.0,26.0,15,149.0,9.9,16.9%,2023,11818,dst,,,,,,,
10,11,Jason Sanders (MIA),24.0,28.0,85.7,57.0,0.0,6.0,7.0,6.0,5.0,58.0,59.0,17,146.0,8.6,12.1%,2023,17533,dst,,,,,,,
11,12,Brandon McManus (FA),30.0,37.0,81.1,56.0,0.0,4.0,10.0,11.0,5.0,35.0,35.0,17,146.0,8.6,0.1%,2023,13274,dst,,,,,,,
12,13,Greg Zuerlein (NYJ),35.0,38.0,92.1,55.0,0.0,8.0,9.0,13.0,5.0,15.0,16.0,16,143.0,8.9,73.1%,2023,11345,dst,,,,,,,
13,14,Evan McPherson (CIN),26.0,31.0,83.9,56.0,0.0,5.0,6.0,8.0,7.0,40.0,40.0,17,140.0,8.2,87.6%,2023,23297,dst,,,,,,,
14,15,Younghoe Koo (ATL),32.0,37.0,86.5,54.0,0.0,10.0,10.0,9.0,3.0,27.0,28.0,17,138.0,8.1,80.5%,2023,16910,dst,,,,,,,
15,16,Chase McLaughlin (TB),29.0,31.0,93.5,57.0,0.0,8.0,12.0,2.0,7.0,33.0,33.0,17,136.0,8.0,4.0%,2023,19058,dst,,,,,,,
16,17,Chris Boswell (PIT),29.0,31.0,93.5,57.0,0.0,9.0,7.0,7.0,6.0,27.0,28.0,17,133.0,7.8,3.7%,2023,13029,dst,,,,,,,
17,18,Tyler Bass (BUF),24.0,29.0,82.8,54.0,0.0,4.0,12.0,4.0,4.0,49.0,50.0,17,133.0,7.8,16.4%,2023,19760,dst,,,,,,,
18,19,Jake Moody (SF),21.0,25.0,84.0,57.0,0.0,7.0,8.0,4.0,2.0,60.0,61.0,17,131.0,7.7,61.8%,2023,24009,dst,,,,,,,
19,20,Nick Folk (TEN),29.0,30.0,96.7,53.0,0.0,9.0,9.0,6.0,5.0,28.0,30.0,17,131.0,7.7,3.0%,2023,9491,dst,,,,,,,
20,21,Matt Prater (ARI),28.0,33.0,84.8,62.0,0.0,6.0,7.0,6.0,9.0,22.0,23.0,17,130.0,7.6,1.9%,2023,9443,dst,,,,,,,
21,22,Wil Lutz (DEN),30.0,34.0,88.2,52.0,0.0,11.0,12.0,4.0,3.0,29.0,31.0,17,129.0,7.6,0.9%,2023,16026,dst,,,,,,,
22,23,Anders Carlson (GB),27.0,33.0,81.8,53.0,0.0,6.0,14.0,4.0,3.0,34.0,39.0,17,125.0,7.4,1.1%,2023,25465,dst,,,,,,,
23,24,Daniel Carlson (LV),26.0,30.0,86.7,54.0,0.0,10.0,6.0,9.0,1.0,32.0,32.0,17,121.0,7.1,4.4%,2023,17420,dst,,,,,,,
24,25,Greg Joseph (GB),24.0,30.0,80.0,54.0,1.0,7.0,9.0,3.0,4.0,36.0,38.0,17,119.0,7.0,0.2%,2023,17647,dst,,,,,,,
25,26,Ka'imi Fairbairn (HOU),27.0,28.0,96.4,54.0,0.0,10.0,10.0,2.0,5.0,21.0,22.0,12,114.0,9.5,91.4%,2023,15756,dst,,,,,,,
26,27,Eddy Pineiro (CAR),25.0,29.0,86.2,56.0,0.0,6.0,7.0,7.0,5.0,17.0,20.0,15,109.0,7.3,2.7%,2023,17575,dst,,,,,,,
27,28,Joey Slye (NE),19.0,24.0,79.2,61.0,0.0,2.0,7.0,7.0,3.0,32.0,35.0,17,102.0,6.0,0.1%,2023,19028,dst,,,,,,,
28,29,Riley Patterson (FA),16.0,18.0,88.9,52.0,0.0,2.0,11.0,2.0,1.0,41.0,44.0,15,93.0,6.2,0.2%,2023,23370,dst,,,,,,,
29,30,Chad Ryland (NE),16.0,25.0,64.0,56.0,0.0,4.0,5.0,5.0,2.0,24.0,25.0,17,81.0,4.8,0.3%,2023,25354,dst,,,,,,,
30,31,Brett Maher (FA),17.0,23.0,73.9,54.0,0.0,3.0,4.0,7.0,3.0,13.0,15.0,8,77.0,9.6,0.0%,2023,12378,dst,,,,,,,
31,32,Lucas Havrisik (CLE),15.0,20.0,75.0,52.0,0.0,8.0,3.0,2.0,2.0,19.0,22.0,9,70.0,7.8,0.1%,2023,25222,dst,,,,,,,
32,33,Graham Gano (NYG),11.0,17.0,64.7,57.0,0.0,2.0,3.0,3.0,3.0,8.0,8.0,8,50.0,6.3,0.8%,2023,9232,dst,,,,,,,
33,34,Matt Ammendola (FA),6.0,9.0,66.7,45.0,0.0,2.0,3.0,1.0,0.0,10.0,11.0,5,29.0,5.8,0.0%,2023,19766,dst,,,,,,,
34,35,Randy Bullock (FA),5.0,6.0,83.3,56.0,0.0,0.0,2.0,2.0,1.0,10.0,10.0,6,29.0,4.8,0.0%,2023,11339,dst,,,,,,,
35,36,Michael Badgley (DET),4.0,4.0,100.0,41.0,0.0,0.0,3.0,1.0,0.0,13.0,15.0,4,26.0,6.5,2.7%,2023,17693,dst,,,,,,,
36,37,Mason Crosby (FA),5.0,7.0,71.4,52.0,0.0,2.0,2.0,0.0,1.0,6.0,7.0,3,23.0,7.7,0.1%,2023,9433,dst,,,,,,,
37,38,Austin Seibert (NYJ),1.0,1.0,100.0,34.0,0.0,0.0,1.0,0.0,0.0,1.0,1.0,1,4.0,4.0,0.0%,2023,18689,dst,,,,,,,
38,39,Matthew Wright (PIT),0.0,1.0,0.0,0.0,0.0,0.0,0.0,0.0,0.0,0.0,0.0,1,0.0,0.0,0.0%,2023,18779,dst,,,,,,,
39,40,Jake Bates (DET),0.0,0.0,0.0,0.0,0.0,0.0,0.0,0.0,0.0,0.0,0.0,0,0.0,0.0,40.2%,2023,26075,dst,,,,,,,
40,41,Jude McAtamney (NYG),0.0,0.0,0.0,0.0,0.0,0.0,0.0,0.0,0.0,0.0,0.0,0,0.0,0.0,,2023,26940,dst,,,,,,,
41,42,Will Reichard (MIN),0.0,0.0,0.0,0.0,0.0,0.0,0.0,0.0,0.0,0.0,0.0,0,0.0,0.0,2.5%,2023,26341,dst,,,,,,,
42,43,Jack Browning (BAL),0.0,0.0,0.0,0.0,0.0,0.0,0.0,0.0,0.0,0.0,0.0,0,0.0,0.0,,2023,26621,dst,,,,,,,
43,44,Brayden Narveson (TEN),0.0,0.0,0.0,0.0,0.0,0.0,0.0,0.0,0.0,0.0,0.0,0,0.0,0.0,,2023,26581,dst,,,,,,,
44,45,Joshua Karty (LAR),0.0,0.0,0.0,0.0,0.0,0.0,0.0,0.0,0.0,0.0,0.0,0,0.0,0.0,1.2%,2023,26478,dst,,,,,,,
45,46,Cam Little (JAC),0.0,0.0,0.0,0.0,0.0,0.0,0.0,0.0,0.0,0.0,0.0,0,0.0,0.0,1.0%,2023,26475,dst,,,,,,,
46,47,Charlie Smyth (NO),0.0,0.0,0.0,0.0,0.0,0.0,0.0,0.0,0.0,0.0,0.0,0,0.0,0.0,,2023,26444,dst,,,,,,,
47,48,Cade York (WAS),0.0,0.0,0.0,0.0,0.0,0.0,0.0,0.0,0.0,0.0,0.0,0,0.0,0.0,0.1%,2023,24549,dst,,,,,,,
48,49,Steven Weatherford (NYJ),0.0,0.0,0.0,0.0,0.0,0.0,0.0,0.0,0.0,0.0,0.0,0,0.0,0.0,,2023,9583,dst,,,,,,,
49,50,Zac Derr (ATL),0.0,0.0,0.0,0.0,0.0,0.0,0.0,0.0,0.0,0.0,0.0,0,0.0,0.0,,2023,9634,dst,,,,,,,
50,51,Ricky Schmit (SF),0.0,0.0,0.0,0.0,0.0,0.0,0.0,0.0,0.0,0.0,0.0,0,0.0,0.0,,2023,9638,dst,,,,,,,
51,52,Piotr Czech (PIT),0.0,0.0,0.0,0.0,0.0,0.0,0.0,0.0,0.0,0.0,0.0,0,0.0,0.0,,2023,9512,dst,,,,,,,
52,53,Jason Reda (CLE),0.0,0.0,0.0,0.0,0.0,0.0,0.0,0.0,0.0,0.0,0.0,0,0.0,0.0,,2023,9273,dst,,,,,,,
53,54,Garrett Rivas (TB),0.0,0.0,0.0,0.0,0.0,0.0,0.0,0.0,0.0,0.0,0.0,0,0.0,0.0,,2023,9223,dst,,,,,,,
54,55,Carlos Martinez (DAL),0.0,0.0,0.0,0.0,0.0,0.0,0.0,0.0,0.0,0.0,0.0,0,0.0,0.0,,2023,9097,dst,,,,,,,
55,56,Andrew Wellock (CAR),0.0,0.0,0.0,0.0,0.0,0.0,0.0,0.0,0.0,0.0,0.0,0,0.0,0.0,,2023,9019,dst,,,,,,,
56,57,Parker Douglass (NYJ),0.0,0.0,0.0,0.0,0.0,0.0,0.0,0.0,0.0,0.0,0.0,0,0.0,0.0,,2023,9499,dst,,,,,,,
57,58,Mark Hickok (NYG),0.0,0.0,0.0,0.0,0.0,0.0,0.0,0.0,0.0,0.0,0.0,0,0.0,0.0,,2023,9422,dst,,,,,,,
58,59,MacKenzie Hoambrecker (SF),0.0,0.0,0.0,0.0,0.0,0.0,0.0,0.0,0.0,0.0,0.0,0,0.0,0.0,,2023,9407,dst,,,,,,,
59,60,Andrew Jacas (SF),0.0,0.0,0.0,0.0,0.0,0.0,0.0,0.0,0.0,0.0,0.0,0,0.0,0.0,,2023,9018,dst,,,,,,,
60,61,Connor Hughes (DAL),0.0,0.0,0.0,0.0,0.0,0.0,0.0,0.0,0.0,0.0,0.0,0,0.0,0.0,,2023,9840,dst,,,,,,,
61,62,Garrett Lindholm (ATL),0.0,0.0,0.0,0.0,0.0,0.0,0.0,0.0,0.0,0.0,0.0,0,0.0,0.0,,2023,9768,dst,,,,,,,
62,63,Kai Forbath (LAR),0.0,0.0,0.0,0.0,0.0,0.0,0.0,0.0,0.0,0.0,0.0,0,0.0,0.0,0.0%,2023,10081,dst,,,,,,,
63,64,Saverio Rocca (WAS),0.0,0.0,0.0,0.0,0.0,0.0,0.0,0.0,0.0,0.0,0.0,0,0.0,0.0,,2023,11118,dst,,,,,,,
64,65,Alex Hale (GB),0.0,0.0,0.0,0.0,0.0,0.0,0.0,0.0,0.0,0.0,0.0,0,0.0,0.0,,2023,26989,dst,,,,,,,
0,1,Brandon Aubrey (DAL),36.0,38.0,94.7,60.0,0.0,9.0,13.0,4.0,10.0,49.0,52.0,17,181.0,10.6,98.7%,2024,26068,dst,,,,,,,
1,2,Justin Tucker (BAL),32.0,37.0,86.5,50.0,0.0,10.0,10.0,11.0,1.0,51.0,52.0,17,160.0,9.4,99.6%,2024,11465,dst,,,,,,,
2,3,Jason Myers (SEA),35.0,42.0,83.3,55.0,0.0,8.0,11.0,12.0,4.0,33.0,33.0,17,158.0,9.3,4.6%,2024,14003,dst,,,,,,,
3,4,Cairo Santos (CHI),35.0,38.0,92.1,55.0,0.0,9.0,11.0,8.0,7.0,31.0,33.0,17,158.0,9.3,27.9%,2024,13731,dst,,,,,,,
4,5,Matt Gay (IND),33.0,41.0,80.5,57.0,0.0,9.0,9.0,7.0,8.0,35.0,36.0,17,157.0,9.2,51.1%,2024,18545,dst,,,,,,,
5,6,Jake Elliott (PHI),30.0,32.0,93.8,61.0,0.0,9.0,7.0,7.0,7.0,45.0,46.0,17,156.0,9.2,98.3%,2024,16540,dst,,,,,,,
6,7,Harrison Butker (KC),33.0,35.0,94.3,60.0,0.0,8.0,13.0,7.0,5.0,38.0,38.0,17,154.0,9.1,95.1%,2024,16712,dst,,,,,,,
7,8,Cameron Dicker (LAC),31.0,33.0,93.9,55.0,0.0,7.0,8.0,9.0,7.0,35.0,35.0,17,151.0,8.9,41.3%,2024,23901,dst,,,,,,,
8,9,Blake Grupe (NO),30.0,37.0,81.1,55.0,0.0,10.0,6.0,8.0,6.0,40.0,40.0,17,150.0,8.8,0.7%,2024,25533,dst,,,,,,,
9,10,Dustin Hopkins (CLE),33.0,36.0,91.7,58.0,0.0,8.0,7.0,10.0,8.0,24.0,26.0,15,149.0,9.9,16.9%,2024,11818,dst,,,,,,,
10,11,Jason Sanders (MIA),24.0,28.0,85.7,57.0,0.0,6.0,7.0,6.0,5.0,58.0,59.0,17,146.0,8.6,12.1%,2024,17533,dst,,,,,,,
11,12,Brandon McManus (FA),30.0,37.0,81.1,56.0,0.0,4.0,10.0,11.0,5.0,35.0,35.0,17,146.0,8.6,0.1%,2024,13274,dst,,,,,,,
12,13,Greg Zuerlein (NYJ),35.0,38.0,92.1,55.0,0.0,8.0,9.0,13.0,5.0,15.0,16.0,16,143.0,8.9,73.1%,2024,11345,dst,,,,,,,
13,14,Evan McPherson (CIN),26.0,31.0,83.9,56.0,0.0,5.0,6.0,8.0,7.0,40.0,40.0,17,140.0,8.2,87.6%,2024,23297,dst,,,,,,,
14,15,Younghoe Koo (ATL),32.0,37.0,86.5,54.0,0.0,10.0,10.0,9.0,3.0,27.0,28.0,17,138.0,8.1,80.5%,2024,16910,dst,,,,,,,
15,16,Chase McLaughlin (TB),29.0,31.0,93.5,57.0,0.0,8.0,12.0,2.0,7.0,33.0,33.0,17,136.0,8.0,4.0%,2024,19058,dst,,,,,,,
16,17,Chris Boswell (PIT),29.0,31.0,93.5,57.0,0.0,9.0,7.0,7.0,6.0,27.0,28.0,17,133.0,7.8,3.7%,2024,13029,dst,,,,,,,
17,18,Tyler Bass (BUF),24.0,29.0,82.8,54.0,0.0,4.0,12.0,4.0,4.0,49.0,50.0,17,133.0,7.8,16.4%,2024,19760,dst,,,,,,,
18,19,Jake Moody (SF),21.0,25.0,84.0,57.0,0.0,7.0,8.0,4.0,2.0,60.0,61.0,17,131.0,7.7,61.8%,2024,24009,dst,,,,,,,
19,20,Nick Folk (TEN),29.0,30.0,96.7,53.0,0.0,9.0,9.0,6.0,5.0,28.0,30.0,17,131.0,7.7,3.0%,2024,9491,dst,,,,,,,
20,21,Matt Prater (ARI),28.0,33.0,84.8,62.0,0.0,6.0,7.0,6.0,9.0,22.0,23.0,17,130.0,7.6,1.9%,2024,9443,dst,,,,,,,
21,22,Wil Lutz (DEN),30.0,34.0,88.2,52.0,0.0,11.0,12.0,4.0,3.0,29.0,31.0,17,129.0,7.6,0.9%,2024,16026,dst,,,,,,,
22,23,Anders Carlson (GB),27.0,33.0,81.8,53.0,0.0,6.0,14.0,4.0,3.0,34.0,39.0,17,125.0,7.4,1.1%,2024,25465,dst,,,,,,,
23,24,Daniel Carlson (LV),26.0,30.0,86.7,54.0,0.0,10.0,6.0,9.0,1.0,32.0,32.0,17,121.0,7.1,4.4%,2024,17420,dst,,,,,,,
24,25,Greg Joseph (GB),24.0,30.0,80.0,54.0,1.0,7.0,9.0,3.0,4.0,36.0,38.0,17,119.0,7.0,0.2%,2024,17647,dst,,,,,,,
25,26,Ka'imi Fairbairn (HOU),27.0,28.0,96.4,54.0,0.0,10.0,10.0,2.0,5.0,21.0,22.0,12,114.0,9.5,91.4%,2024,15756,dst,,,,,,,
26,27,Eddy Pineiro (CAR),25.0,29.0,86.2,56.0,0.0,6.0,7.0,7.0,5.0,17.0,20.0,15,109.0,7.3,2.7%,2024,17575,dst,,,,,,,
27,28,Joey Slye (NE),19.0,24.0,79.2,61.0,0.0,2.0,7.0,7.0,3.0,32.0,35.0,17,102.0,6.0,0.1%,2024,19028,dst,,,,,,,
28,29,Riley Patterson (FA),16.0,18.0,88.9,52.0,0.0,2.0,11.0,2.0,1.0,41.0,44.0,15,93.0,6.2,0.2%,2024,23370,dst,,,,,,,
29,30,Chad Ryland (NE),16.0,25.0,64.0,56.0,0.0,4.0,5.0,5.0,2.0,24.0,25.0,17,81.0,4.8,0.3%,2024,25354,dst,,,,,,,
30,31,Brett Maher (FA),17.0,23.0,73.9,54.0,0.0,3.0,4.0,7.0,3.0,13.0,15.0,8,77.0,9.6,0.0%,2024,12378,dst,,,,,,,
31,32,Lucas Havrisik (CLE),15.0,20.0,75.0,52.0,0.0,8.0,3.0,2.0,2.0,19.0,22.0,9,70.0,7.8,0.1%,2024,25222,dst,,,,,,,
32,33,Graham Gano (NYG),11.0,17.0,64.7,57.0,0.0,2.0,3.0,3.0,3.0,8.0,8.0,8,50.0,6.3,0.8%,2024,9232,dst,,,,,,,
33,34,Matt Ammendola (FA),6.0,9.0,66.7,45.0,0.0,2.0,3.0,1.0,0.0,10.0,11.0,5,29.0,5.8,0.0%,2024,19766,dst,,,,,,,
34,35,Randy Bullock (FA),5.0,6.0,83.3,56.0,0.0,0.0,2.0,2.0,1.0,10.0,10.0,6,29.0,4.8,0.0%,2024,11339,dst,,,,,,,
35,36,Michael Badgley (DET),4.0,4.0,100.0,41.0,0.0,0.0,3.0,1.0,0.0,13.0,15.0,4,26.0,6.5,2.7%,2024,17693,dst,,,,,,,
36,37,Mason Crosby (FA),5.0,7.0,71.4,52.0,0.0,2.0,2.0,0.0,1.0,6.0,7.0,3,23.0,7.7,0.1%,2024,9433,dst,,,,,,,
37,38,Austin Seibert (NYJ),1.0,1.0,100.0,34.0,0.0,0.0,1.0,0.0,0.0,1.0,1.0,1,4.0,4.0,0.0%,2024,18689,dst,,,,,,,
38,39,Matthew Wright (PIT),0.0,1.0,0.0,0.0,0.0,0.0,0.0,0.0,0.0,0.0,0.0,1,0.0,0.0,0.0%,2024,18779,dst,,,,,,,
39,40,Jake Bates (DET),0.0,0.0,0.0,0.0,0.0,0.0,0.0,0.0,0.0,0.0,0.0,0,0.0,0.0,40.2%,2024,26075,dst,,,,,,,
40,41,Jude McAtamney (NYG),0.0,0.0,0.0,0.0,0.0,0.0,0.0,0.0,0.0,0.0,0.0,0,0.0,0.0,,2024,26940,dst,,,,,,,
41,42,Will Reichard (MIN),0.0,0.0,0.0,0.0,0.0,0.0,0.0,0.0,0.0,0.0,0.0,0,0.0,0.0,2.5%,2024,26341,dst,,,,,,,
42,43,Jack Browning (BAL),0.0,0.0,0.0,0.0,0.0,0.0,0.0,0.0,0.0,0.0,0.0,0,0.0,0.0,,2024,26621,dst,,,,,,,
43,44,Brayden Narveson (TEN),0.0,0.0,0.0,0.0,0.0,0.0,0.0,0.0,0.0,0.0,0.0,0,0.0,0.0,,2024,26581,dst,,,,,,,
44,45,Joshua Karty (LAR),0.0,0.0,0.0,0.0,0.0,0.0,0.0,0.0,0.0,0.0,0.0,0,0.0,0.0,1.2%,2024,26478,dst,,,,,,,
45,46,Cam Little (JAC),0.0,0.0,0.0,0.0,0.0,0.0,0.0,0.0,0.0,0.0,0.0,0,0.0,0.0,1.0%,2024,26475,dst,,,,,,,
46,47,Charlie Smyth (NO),0.0,0.0,0.0,0.0,0.0,0.0,0.0,0.0,0.0,0.0,0.0,0,0.0,0.0,,2024,26444,dst,,,,,,,
47,48,Cade York (WAS),0.0,0.0,0.0,0.0,0.0,0.0,0.0,0.0,0.0,0.0,0.0,0,0.0,0.0,0.1%,2024,24549,dst,,,,,,,
48,49,Steven Weatherford (NYJ),0.0,0.0,0.0,0.0,0.0,0.0,0.0,0.0,0.0,0.0,0.0,0,0.0,0.0,,2024,9583,dst,,,,,,,
49,50,Zac Derr (ATL),0.0,0.0,0.0,0.0,0.0,0.0,0.0,0.0,0.0,0.0,0.0,0,0.0,0.0,,2024,9634,dst,,,,,,,
50,51,Ricky Schmit (SF),0.0,0.0,0.0,0.0,0.0,0.0,0.0,0.0,0.0,0.0,0.0,0,0.0,0.0,,2024,9638,dst,,,,,,,
51,52,Piotr Czech (PIT),0.0,0.0,0.0,0.0,0.0,0.0,0.0,0.0,0.0,0.0,0.0,0,0.0,0.0,,2024,9512,dst,,,,,,,
52,53,Jason Reda (CLE),0.0,0.0,0.0,0.0,0.0,0.0,0.0,0.0,0.0,0.0,0.0,0,0.0,0.0,,2024,9273,dst,,,,,,,
53,54,Garrett Rivas (TB),0.0,0.0,0.0,0.0,0.0,0.0,0.0,0.0,0.0,0.0,0.0,0,0.0,0.0,,2024,9223,dst,,,,,,,
54,55,Carlos Martinez (DAL),0.0,0.0,0.0,0.0,0.0,0.0,0.0,0.0,0.0,0.0,0.0,0,0.0,0.0,,2024,9097,dst,,,,,,,
55,56,Andrew Wellock (CAR),0.0,0.0,0.0,0.0,0.0,0.0,0.0,0.0,0.0,0.0,0.0,0,0.0,0.0,,2024,9019,dst,,,,,,,
56,57,Parker Douglass (NYJ),0.0,0.0,0.0,0.0,0.0,0.0,0.0,0.0,0.0,0.0,0.0,0,0.0,0.0,,2024,9499,dst,,,,,,,
57,58,Mark Hickok (NYG),0.0,0.0,0.0,0.0,0.0,0.0,0.0,0.0,0.0,0.0,0.0,0,0.0,0.0,,2024,9422,dst,,,,,,,
58,59,MacKenzie Hoambrecker (SF),0.0,0.0,0.0,0.0,0.0,0.0,0.0,0.0,0.0,0.0,0.0,0,0.0,0.0,,2024,9407,dst,,,,,,,
59,60,Andrew Jacas (SF),0.0,0.0,0.0,0.0,0.0,0.0,0.0,0.0,0.0,0.0,0.0,0,0.0,0.0,,2024,9018,dst,,,,,,,
60,61,Connor Hughes (DAL),0.0,0.0,0.0,0.0,0.0,0.0,0.0,0.0,0.0,0.0,0.0,0,0.0,0.0,,2024,9840,dst,,,,,,,
61,62,Garrett Lindholm (ATL),0.0,0.0,0.0,0.0,0.0,0.0,0.0,0.0,0.0,0.0,0.0,0,0.0,0.0,,2024,9768,dst,,,,,,,
62,63,Kai Forbath (LAR),0.0,0.0,0.0,0.0,0.0,0.0,0.0,0.0,0.0,0.0,0.0,0,0.0,0.0,0.0%,2024,10081,dst,,,,,,,
63,64,Saverio Rocca (WAS),0.0,0.0,0.0,0.0,0.0,0.0,0.0,0.0,0.0,0.0,0.0,0,0.0,0.0,,2024,11118,dst,,,,,,,
64,65,Alex Hale (GB),0.0,0.0,0.0,0.0,0.0,0.0,0.0,0.0,0.0,0.0,0.0,0,0.0,0.0,,2024,26989,dst,,,,,,,
0,1,New England Patriots (NE),,,,,,,,,,,,16,232.0,14.5,2.4%,2019,8180,dst,47.0,25.0,11.0,14.0,5.0,1.0,2.0
1,2,Pittsburgh Steelers (PIT),,,,,,,,,,,,16,181.0,11.3,88.6%,2019,8240,dst,54.0,20.0,18.0,19.0,3.0,0.0,1.0
2,3,San Francisco 49ers (SF),,,,,,,,,,,,16,163.0,10.2,98.5%,2019,8270,dst,48.0,12.0,15.0,21.0,5.0,0.0,0.0
3,4,Baltimore Ravens (BAL),,,,,,,,,,,,16,153.0,9.6,96.1%,2019,8020,dst,37.0,13.0,12.0,15.0,6.0,0.0,0.0
4,5,Kansas City Chiefs (KC),,,,,,,,,,,,16,148.0,9.3,66.7%,2019,8150,dst,45.0,16.0,7.0,12.0,3.0,0.0,1.0
5,6,Los Angeles Rams (LAR),,,,,,,,,,,,16,146.0,9.1,1.0%,2019,8280,dst,50.0,13.0,11.0,13.0,4.0,1.0,0.0
6,7,Minnesota Vikings (MIN),,,,,,,,,,,,16,144.0,9.0,13.7%,2019,8170,dst,48.0,17.0,14.0,18.0,2.0,1.0,0.0
7,8,New Orleans Saints (NO),,,,,,,,,,,,16,143.0,8.9,78.6%,2019,8190,dst,51.0,13.0,10.0,10.0,3.0,1.0,1.0
8,9,Buffalo Bills (BUF),,,,,,,,,,,,16,137.0,8.6,26.6%,2019,8030,dst,44.0,14.0,9.0,15.0,0.0,1.0,1.0
9,10,Tampa Bay Buccaneers (TB),,,,,,,,,,,,16,134.0,8.4,3.9%,2019,8290,dst,47.0,12.0,16.0,20.0,6.0,0.0,0.0
10,11,Tennessee Titans (TEN),,,,,,,,,,,,16,133.0,8.3,0.9%,2019,8300,dst,43.0,14.0,9.0,10.0,3.0,1.0,1.0
11,12,New York Jets (NYJ),,,,,,,,,,,,16,133.0,8.3,90.1%,2019,8210,dst,35.0,12.0,9.0,8.0,5.0,2.0,1.0
12,13,Indianapolis Colts (IND),,,,,,,,,,,,16,127.0,7.9,4.8%,2019,8130,dst,41.0,15.0,8.0,13.0,1.0,2.0,2.0
13,14,Seattle Seahawks (SEA),,,,,,,,,,,,16,124.0,7.8,35.3%,2019,8260,dst,28.0,16.0,16.0,18.0,3.0,0.0,0.0
14,15,Philadelphia Eagles (PHI),,,,,,,,,,,,16,113.0,7.1,15.5%,2019,8230,dst,43.0,11.0,9.0,15.0,3.0,0.0,0.0
15,16,Green Bay Packers (GB),,,,,,,,,,,,16,110.0,6.9,5.6%,2019,8110,dst,41.0,17.0,7.0,11.0,0.0,0.0,0.0
16,17,Jacksonville Jaguars (JAC),,,,,,,,,,,,16,103.0,6.4,23.4%,2019,8140,dst,47.0,10.0,9.0,13.0,2.0,0.0,0.0
17,18,Chicago Bears (CHI),,,,,,,,,,,,16,102.0,6.4,29.6%,2019,8050,dst,32.0,10.0,9.0,12.0,1.0,1.0,1.0
18,19,Denver Broncos (DEN),,,,,,,,,,,,16,101.0,6.3,1.3%,2019,8090,dst,40.0,10.0,6.0,8.0,1.0,0.0,0.0
19,20,Dallas Cowboys (DAL),,,,,,,,,,,,16,99.0,6.2,97.7%,2019,8080,dst,39.0,7.0,10.0,13.0,1.0,0.0,0.0
20,21,Atlanta Falcons (ATL),,,,,,,,,,,,16,98.0,6.1,7.6%,2019,8010,dst,28.0,12.0,8.0,13.0,2.0,0.0,1.0
21,22,Carolina Panthers (CAR),,,,,,,,,,,,16,95.0,5.9,0.9%,2019,8040,dst,53.0,14.0,7.0,8.0,1.0,2.0,0.0
22,23,Houston Texans (HOU),,,,,,,,,,,,16,94.0,5.9,15.7%,2019,8120,dst,31.0,12.0,10.0,14.0,2.0,0.0,0.0
23,24,Washington Commanders (WAS),,,,,,,,,,,,16,94.0,5.9,0.9%,2019,8310,dst,46.0,13.0,9.0,15.0,0.0,0.0,1.0
24,25,Cleveland Browns (CLE),,,,,,,,,,,,16,91.0,5.7,98.4%,2019,8070,dst,38.0,14.0,6.0,12.0,1.0,0.0,0.0
25,26,New York Giants (NYG),,,,,,,,,,,,16,86.0,5.4,5.3%,2019,8200,dst,36.0,10.0,6.0,8.0,2.0,1.0,0.0
26,27,Los Angeles Chargers (LAC),,,,,,,,,,,,16,81.0,5.1,22.8%,2019,8250,dst,30.0,11.0,3.0,5.0,0.0,0.0,1.0
27,28,Detroit Lions (DET),,,,,,,,,,,,16,78.0,4.9,67.4%,2019,8100,dst,28.0,7.0,11.0,13.0,1.0,0.0,2.0
28,29,Las Vegas Raiders (LV),,,,,,,,,,,,16,70.0,4.4,6.0%,2019,8220,dst,32.0,9.0,6.0,8.0,2.0,0.0,0.0
29,30,Arizona Cardinals (ARI),,,,,,,,,,,,16,68.0,4.3,0.4%,2019,8000,dst,40.0,7.0,10.0,19.0,0.0,0.0,0.0
30,31,Cincinnati Bengals (CIN),,,,,,,,,,,,16,67.0,4.2,51.1%,2019,8060,dst,31.0,11.0,5.0,9.0,0.0,1.0,1.0
31,32,Miami Dolphins (MIA),,,,,,,,,,,,16,50.0,3.1,71.6%,2019,8160,dst,23.0,13.0,3.0,9.0,1.0,1.0,1.0
0,1,Los Angeles Rams (LAR),,,,,,,,,,,,16,151.0,9.4,1.0%,2020,8280,dst,53.0,14.0,8.0,12.0,4.0,1.0,0.0
1,2,Pittsburgh Steelers (PIT),,,,,,,,,,,,17,148.0,8.7,88.6%,2020,8240,dst,56.0,18.0,9.0,12.0,3.0,1.0,0.0
2,3,Indianapolis Colts (IND),,,,,,,,,,,,16,145.0,9.1,4.8%,2020,8130,dst,40.0,15.0,10.0,11.0,4.0,3.0,2.0
3,4,Miami Dolphins (MIA),,,,,,,,,,,,16,141.0,8.8,71.6%,2020,8160,dst,41.0,18.0,10.0,14.0,2.0,0.0,1.0
4,5,Baltimore Ravens (BAL),,,,,,,,,,,,16,141.0,8.8,96.1%,2020,8020,dst,39.0,10.0,12.0,22.0,3.0,2.0,1.0
5,6,Washington Commanders (WAS),,,,,,,,,,,,16,127.0,7.9,0.9%,2020,8310,dst,47.0,16.0,7.0,13.0,3.0,1.0,0.0
6,7,New Orleans Saints (NO),,,,,,,,,,,,16,126.0,7.9,78.6%,2020,8190,dst,45.0,18.0,8.0,6.0,1.0,1.0,0.0
7,8,Tampa Bay Buccaneers (TB),,,,,,,,,,,,16,119.0,7.4,3.9%,2020,8290,dst,48.0,15.0,10.0,15.0,1.0,1.0,0.0
8,9,Buffalo Bills (BUF),,,,,,,,,,,,16,118.0,7.4,26.6%,2020,8030,dst,38.0,15.0,11.0,14.0,3.0,0.0,1.0
9,10,Arizona Cardinals (ARI),,,,,,,,,,,,16,110.0,6.9,0.4%,2020,8000,dst,48.0,11.0,10.0,12.0,0.0,1.0,0.0
10,11,New England Patriots (NE),,,,,,,,,,,,16,108.0,6.8,2.4%,2020,8180,dst,24.0,18.0,4.0,5.0,2.0,0.0,2.0
11,12,Kansas City Chiefs (KC),,,,,,,,,,,,16,108.0,6.8,66.7%,2020,8150,dst,32.0,16.0,6.0,11.0,2.0,1.0,2.0
12,13,Seattle Seahawks (SEA),,,,,,,,,,,,16,105.0,6.6,35.3%,2020,8260,dst,46.0,14.0,8.0,12.0,0.0,3.0,0.0
13,14,New York Giants (NYG),,,,,,,,,,,,16,103.0,6.4,5.3%,2020,8200,dst,40.0,11.0,11.0,13.0,2.0,0.0,0.0
14,15,Philadelphia Eagles (PHI),,,,,,,,,,,,16,103.0,6.4,15.5%,2020,8230,dst,49.0,8.0,11.0,12.0,3.0,1.0,1.0
15,16,Carolina Panthers (CAR),,,,,,,,,,,,16,99.0,6.2,0.9%,2020,8040,dst,29.0,7.0,15.0,13.0,3.0,0.0,0.0
16,17,Cleveland Browns (CLE),,,,,,,,,,,,16,97.0,6.1,98.4%,2020,8070,dst,38.0,11.0,10.0,16.0,2.0,2.0,0.0
17,18,Green Bay Packers (GB),,,,,,,,,,,,16,94.0,5.9,5.6%,2020,8110,dst,41.0,11.0,7.0,11.0,2.0,1.0,0.0
18,19,Chicago Bears (CHI),,,,,,,,,,,,16,92.0,5.8,29.6%,2020,8050,dst,35.0,10.0,8.0,13.0,1.0,1.0,1.0
19,20,San Francisco 49ers (SF),,,,,,,,,,,,16,90.0,5.6,98.5%,2020,8270,dst,30.0,12.0,8.0,11.0,1.0,0.0,0.0
20,21,Dallas Cowboys (DAL),,,,,,,,,,,,16,78.0,4.9,97.7%,2020,8080,dst,31.0,10.0,12.0,13.0,2.0,0.0,1.0
21,22,Denver Broncos (DEN),,,,,,,,,,,,16,77.0,4.8,1.3%,2020,8090,dst,42.0,10.0,6.0,11.0,0.0,0.0,1.0
22,23,Los Angeles Chargers (LAC),,,,,,,,,,,,16,76.0,4.8,22.8%,2020,8250,dst,27.0,12.0,7.0,5.0,2.0,1.0,0.0
23,24,Atlanta Falcons (ATL),,,,,,,,,,,,16,72.0,4.5,7.6%,2020,8010,dst,29.0,12.0,9.0,17.0,1.0,0.0,0.0
24,25,New York Jets (NYJ),,,,,,,,,,,,16,67.0,4.2,90.1%,2020,8210,dst,31.0,10.0,9.0,17.0,1.0,1.0,0.0
25,26,Tennessee Titans (TEN),,,,,,,,,,,,17,66.0,3.9,0.9%,2020,8300,dst,19.0,15.0,8.0,11.0,2.0,0.0,1.0
26,27,Minnesota Vikings (MIN),,,,,,,,,,,,16,60.0,3.8,13.7%,2020,8170,dst,23.0,15.0,7.0,8.0,0.0,1.0,0.0
27,28,Jacksonville Jaguars (JAC),,,,,,,,,,,,16,54.0,3.4,23.4%,2020,8140,dst,18.0,12.0,5.0,8.0,1.0,0.0,2.0
28,29,Cincinnati Bengals (CIN),,,,,,,,,,,,16,45.0,2.8,51.1%,2020,8060,dst,17.0,11.0,6.0,10.0,0.0,0.0,1.0
29,30,Houston Texans (HOU),,,,,,,,,,,,16,45.0,2.8,15.7%,2020,8120,dst,34.0,3.0,6.0,9.0,1.0,0.0,0.0
30,31,Las Vegas Raiders (LV),,,,,,,,,,,,16,43.0,2.7,6.0%,2020,8220,dst,21.0,10.0,5.0,8.0,0.0,0.0,0.0
31,32,Detroit Lions (DET),,,,,,,,,,,,16,35.0,2.2,67.4%,2020,8100,dst,24.0,7.0,5.0,15.0,0.0,1.0,1.0
0,1,Dallas Cowboys (DAL),,,,,,,,,,,,17,185.0,10.9,97.7%,2021,8080,dst,41.0,26.0,8.0,13.0,6.0,0.0,3.0
1,2,New England Patriots (NE),,,,,,,,,,,,17,158.0,9.3,2.4%,2021,8180,dst,36.0,23.0,7.0,11.0,3.0,0.0,0.0
2,3,Miami Dolphins (MIA),,,,,,,,,,,,17,155.0,9.1,71.6%,2021,8160,dst,48.0,14.0,13.0,14.0,5.0,0.0,1.0
3,4,Buffalo Bills (BUF),,,,,,,,,,,,17,151.0,8.9,26.6%,2021,8030,dst,42.0,19.0,11.0,10.0,1.0,0.0,0.0
4,5,New Orleans Saints (NO),,,,,,,,,,,,17,145.0,8.5,78.6%,2021,8190,dst,46.0,18.0,7.0,12.0,2.0,0.0,0.0
5,6,Tampa Bay Buccaneers (TB),,,,,,,,,,,,17,141.0,8.3,3.9%,2021,8290,dst,47.0,17.0,12.0,15.0,2.0,0.0,0.0
6,7,Indianapolis Colts (IND),,,,,,,,,,,,17,138.0,8.1,4.8%,2021,8130,dst,33.0,19.0,14.0,17.0,1.0,1.0,2.0
7,8,Kansas City Chiefs (KC),,,,,,,,,,,,17,131.0,7.7,66.7%,2021,8150,dst,31.0,15.0,14.0,18.0,4.0,0.0,0.0
8,9,Arizona Cardinals (ARI),,,,,,,,,,,,17,126.0,7.4,0.4%,2021,8000,dst,41.0,13.0,14.0,20.0,2.0,0.0,0.0
9,10,Minnesota Vikings (MIN),,,,,,,,,,,,17,124.0,7.3,13.7%,2021,8170,dst,51.0,16.0,8.0,13.0,2.0,0.0,2.0
10,11,Tennessee Titans (TEN),,,,,,,,,,,,17,123.0,7.2,0.9%,2021,8300,dst,43.0,16.0,6.0,10.0,4.0,0.0,0.0
11,12,Los Angeles Rams (LAR),,,,,,,,,,,,17,121.0,7.1,1.0%,2021,8280,dst,50.0,19.0,6.0,13.0,0.0,0.0,1.0
12,13,Denver Broncos (DEN),,,,,,,,,,,,17,119.0,7.0,1.3%,2021,8090,dst,36.0,13.0,6.0,6.0,1.0,0.0,0.0
13,14,San Francisco 49ers (SF),,,,,,,,,,,,17,118.0,6.9,98.5%,2021,8270,dst,48.0,9.0,11.0,21.0,2.0,0.0,0.0
14,15,Green Bay Packers (GB),,,,,,,,,,,,17,117.0,6.9,5.6%,2021,8110,dst,39.0,18.0,8.0,9.0,2.0,0.0,0.0
15,16,Philadelphia Eagles (PHI),,,,,,,,,,,,17,111.0,6.5,15.5%,2021,8230,dst,29.0,12.0,4.0,11.0,5.0,0.0,0.0
16,17,Pittsburgh Steelers (PIT),,,,,,,,,,,,17,111.0,6.5,88.6%,2021,8240,dst,55.0,13.0,9.0,16.0,0.0,0.0,1.0
17,18,Cincinnati Bengals (CIN),,,,,,,,,,,,17,108.0,6.4,51.1%,2021,8060,dst,42.0,13.0,8.0,14.0,2.0,0.0,0.0
18,19,Chicago Bears (CHI),,,,,,,,,,,,17,105.0,6.2,29.6%,2021,8050,dst,49.0,8.0,8.0,12.0,2.0,1.0,1.0
19,20,Cleveland Browns (CLE),,,,,,,,,,,,17,104.0,6.1,98.4%,2021,8070,dst,43.0,13.0,6.0,12.0,2.0,0.0,0.0
20,21,Seattle Seahawks (SEA),,,,,,,,,,,,17,95.0,5.6,35.3%,2021,8260,dst,34.0,11.0,7.0,8.0,0.0,1.0,1.0
21,22,Washington Commanders (WAS),,,,,,,,,,,,17,92.0,5.4,0.9%,2021,8310,dst,38.0,11.0,7.0,9.0,2.0,0.0,1.0
22,23,Carolina Panthers (CAR),,,,,,,,,,,,17,89.0,5.2,0.9%,2021,8040,dst,39.0,9.0,7.0,11.0,0.0,1.0,1.0
23,24,Houston Texans (HOU),,,,,,,,,,,,17,87.0,5.1,15.7%,2021,8120,dst,32.0,17.0,8.0,15.0,1.0,1.0,1.0
24,25,New York Giants (NYG),,,,,,,,,,,,17,86.0,5.1,5.3%,2021,8200,dst,34.0,15.0,7.0,10.0,1.0,1.0,0.0
25,26,Baltimore Ravens (BAL),,,,,,,,,,,,17,85.0,5.0,96.1%,2021,8020,dst,34.0,9.0,6.0,8.0,2.0,0.0,0.0
26,27,Los Angeles Chargers (LAC),,,,,,,,,,,,17,78.0,4.6,22.8%,2021,8250,dst,35.0,11.0,10.0,18.0,1.0,0.0,1.0
27,28,Las Vegas Raiders (LV),,,,,,,,,,,,17,65.0,3.8,6.0%,2021,8220,dst,35.0,6.0,9.0,9.0,0.0,1.0,0.0
28,29,Atlanta Falcons (ATL),,,,,,,,,,,,17,65.0,3.8,7.6%,2021,8010,dst,18.0,12.0,8.0,10.0,2.0,1.0,0.0
29,30,Jacksonville Jaguars (JAC),,,,,,,,,,,,17,64.0,3.8,23.4%,2021,8140,dst,32.0,7.0,2.0,6.0,1.0,0.0,1.0
30,31,New York Jets (NYJ),,,,,,,,,,,,17,58.0,3.4,90.1%,2021,8210,dst,33.0,7.0,7.0,12.0,1.0,0.0,1.0
31,32,Detroit Lions (DET),,,,,,,,,,,,17,58.0,3.4,67.4%,2021,8100,dst,30.0,11.0,8.0,11.0,0.0,0.0,0.0
0,1,New England Patriots (NE),,,,,,,,,,,,17,186.0,10.9,2.4%,2022,8180,dst,54.0,19.0,11.0,15.0,7.0,0.0,1.0
1,2,Dallas Cowboys (DAL),,,,,,,,,,,,17,170.0,10.0,97.7%,2022,8080,dst,54.0,16.0,17.0,21.0,3.0,0.0,0.0
2,3,San Francisco 49ers (SF),,,,,,,,,,,,17,163.0,9.6,98.5%,2022,8270,dst,44.0,20.0,10.0,13.0,3.0,0.0,0.0
3,4,Buffalo Bills (BUF),,,,,,,,,,,,17,152.0,8.9,26.6%,2022,8030,dst,40.0,17.0,10.0,10.0,1.0,2.0,2.0
4,5,Philadelphia Eagles (PHI),,,,,,,,,,,,17,151.0,8.9,15.5%,2022,8230,dst,70.0,17.0,10.0,15.0,2.0,0.0,0.0
5,6,Jacksonville Jaguars (JAC),,,,,,,,,,,,17,139.0,8.2,23.4%,2022,8140,dst,35.0,14.0,13.0,16.0,4.0,0.0,0.0
6,7,Baltimore Ravens (BAL),,,,,,,,,,,,17,134.0,7.9,96.1%,2022,8020,dst,48.0,14.0,11.0,14.0,0.0,0.0,1.0
7,8,Kansas City Chiefs (KC),,,,,,,,,,,,17,121.0,7.1,66.7%,2022,8150,dst,55.0,11.0,9.0,11.0,2.0,1.0,0.0
8,9,Carolina Panthers (CAR),,,,,,,,,,,,17,118.0,6.9,0.9%,2022,8040,dst,35.0,10.0,7.0,7.0,3.0,0.0,0.0
9,10,New York Jets (NYJ),,,,,,,,,,,,17,118.0,6.9,90.1%,2022,8210,dst,45.0,12.0,4.0,9.0,0.0,2.0,1.0
10,11,Washington Commanders (WAS),,,,,,,,,,,,17,117.0,6.9,0.9%,2022,8310,dst,43.0,9.0,9.0,7.0,3.0,1.0,0.0
11,12,Green Bay Packers (GB),,,,,,,,,,,,17,117.0,6.9,5.6%,2022,8110,dst,34.0,17.0,7.0,11.0,2.0,1.0,1.0
12,13,Seattle Seahawks (SEA),,,,,,,,,,,,17,117.0,6.9,35.3%,2022,8260,dst,45.0,14.0,11.0,15.0,1.0,0.0,1.0
13,14,Houston Texans (HOU),,,,,,,,,,,,17,116.0,6.8,15.7%,2022,8120,dst,39.0,16.0,11.0,9.0,1.0,1.0,0.0
14,15,Indianapolis Colts (IND),,,,,,,,,,,,17,116.0,6.8,4.8%,2022,8130,dst,44.0,10.0,11.0,13.0,2.0,0.0,1.0
15,16,New Orleans Saints (NO),,,,,,,,,,,,17,115.0,6.8,78.6%,2022,8190,dst,48.0,7.0,7.0,11.0,1.0,0.0,0.0
16,17,Cincinnati Bengals (CIN),,,,,,,,,,,,17,115.0,6.8,51.1%,2022,8060,dst,30.0,13.0,11.0,13.0,1.0,0.0,0.0
17,18,New York Giants (NYG),,,,,,,,,,,,17,107.0,6.3,5.3%,2022,8200,dst,41.0,6.0,13.0,18.0,2.0,0.0,0.0
18,19,Pittsburgh Steelers (PIT),,,,,,,,,,,,17,107.0,6.3,88.6%,2022,8240,dst,40.0,20.0,3.0,9.0,1.0,0.0,0.0
19,20,Miami Dolphins (MIA),,,,,,,,,,,,17,107.0,6.3,71.6%,2022,8160,dst,40.0,8.0,6.0,14.0,2.0,1.0,1.0
20,21,Cleveland Browns (CLE),,,,,,,,,,,,17,107.0,6.3,98.4%,2022,8070,dst,34.0,11.0,9.0,10.0,3.0,0.0,1.0
21,22,Minnesota Vikings (MIN),,,,,,,,,,,,17,106.0,6.2,13.7%,2022,8170,dst,38.0,15.0,10.0,10.0,1.0,0.0,1.0
22,23,Los Angeles Chargers (LAC),,,,,,,,,,,,17,106.0,6.2,22.8%,2022,8250,dst,40.0,14.0,10.0,13.0,1.0,1.0,0.0
23,24,Los Angeles Rams (LAR),,,,,,,,,,,,17,104.0,6.1,1.0%,2022,8280,dst,38.0,16.0,6.0,9.0,1.0,0.0,0.0
24,25,Tennessee Titans (TEN),,,,,,,,,,,,17,104.0,6.1,0.9%,2022,8300,dst,39.0,14.0,6.0,11.0,1.0,0.0,0.0
25,26,Tampa Bay Buccaneers (TB),,,,,,,,,,,,17,103.0,6.1,3.9%,2022,8290,dst,44.0,10.0,10.0,14.0,1.0,0.0,0.0
26,27,Arizona Cardinals (ARI),,,,,,,,,,,,17,103.0,6.1,0.4%,2022,8000,dst,36.0,11.0,9.0,11.0,5.0,0.0,0.0
27,28,Denver Broncos (DEN),,,,,,,,,,,,17,102.0,6.0,1.3%,2022,8090,dst,36.0,15.0,8.0,15.0,0.0,1.0,0.0
28,29,Detroit Lions (DET),,,,,,,,,,,,17,98.0,5.8,67.4%,2022,8100,dst,39.0,12.0,10.0,12.0,1.0,1.0,1.0
29,30,Atlanta Falcons (ATL),,,,,,,,,,,,17,89.0,5.2,7.6%,2022,8010,dst,21.0,10.0,7.0,8.0,2.0,1.0,2.0
30,31,Las Vegas Raiders (LV),,,,,,,,,,,,17,77.0,4.5,6.0%,2022,8220,dst,27.0,6.0,7.0,10.0,3.0,0.0,0.0
31,32,Chicago Bears (CHI),,,,,,,,,,,,17,62.0,3.6,29.6%,2022,8050,dst,20.0,14.0,9.0,10.0,0.0,0.0,0.0
0,1,Dallas Cowboys (DAL),,,,,,,,,,,,17,178.0,10.5,97.7%,2023,8080,dst,46.0,17.0,9.0,14.0,6.0,1.0,1.0
1,2,Baltimore Ravens (BAL),,,,,,,,,,,,17,174.0,10.2,96.1%,2023,8020,dst,60.0,18.0,13.0,16.0,1.0,1.0,1.0
2,3,Buffalo Bills (BUF),,,,,,,,,,,,17,159.0,9.4,26.6%,2023,8030,dst,54.0,18.0,12.0,12.0,2.0,0.0,1.0
3,4,New York Jets (NYJ),,,,,,,,,,,,17,154.0,9.1,90.1%,2023,8210,dst,48.0,17.0,10.0,13.0,3.0,3.0,1.0
4,5,Cleveland Browns (CLE),,,,,,,,,,,,17,153.0,9.0,98.4%,2023,8070,dst,49.0,18.0,10.0,12.0,3.0,0.0,0.0
5,6,Miami Dolphins (MIA),,,,,,,,,,,,17,152.0,8.9,71.6%,2023,8160,dst,56.0,15.0,12.0,14.0,4.0,0.0,0.0
6,7,Las Vegas Raiders (LV),,,,,,,,,,,,17,146.0,8.6,6.0%,2023,8220,dst,46.0,13.0,9.0,13.0,5.0,1.0,0.0
7,8,Pittsburgh Steelers (PIT),,,,,,,,,,,,17,143.0,8.4,88.6%,2023,8240,dst,47.0,16.0,11.0,18.0,2.0,1.0,0.0
8,9,New Orleans Saints (NO),,,,,,,,,,,,17,143.0,8.4,78.6%,2023,8190,dst,34.0,18.0,11.0,9.0,2.0,0.0,1.0
9,10,San Francisco 49ers (SF),,,,,,,,,,,,17,141.0,8.3,98.5%,2023,8270,dst,48.0,22.0,6.0,10.0,1.0,1.0,0.0
10,11,Indianapolis Colts (IND),,,,,,,,,,,,17,139.0,8.2,4.8%,2023,8130,dst,51.0,15.0,9.0,16.0,4.0,1.0,1.0
11,12,Kansas City Chiefs (KC),,,,,,,,,,,,17,134.0,7.9,66.7%,2023,8150,dst,57.0,8.0,9.0,14.0,2.0,0.0,0.0
12,13,Tampa Bay Buccaneers (TB),,,,,,,,,,,,17,133.0,7.8,3.9%,2023,8290,dst,48.0,13.0,12.0,18.0,1.0,1.0,0.0
13,14,New York Giants (NYG),,,,,,,,,,,,17,131.0,7.7,5.3%,2023,8200,dst,34.0,18.0,13.0,15.0,3.0,0.0,1.0
14,15,Houston Texans (HOU),,,,,,,,,,,,17,131.0,7.7,15.7%,2023,8120,dst,46.0,14.0,10.0,13.0,1.0,0.0,2.0
15,16,Minnesota Vikings (MIN),,,,,,,,,,,,17,124.0,7.3,13.7%,2023,8170,dst,43.0,11.0,11.0,21.0,2.0,0.0,0.0
16,17,Jacksonville Jaguars (JAC),,,,,,,,,,,,17,120.0,7.1,23.4%,2023,8140,dst,40.0,16.0,11.0,11.0,2.0,0.0,0.0
17,18,Chicago Bears (CHI),,,,,,,,,,,,17,120.0,7.1,29.6%,2023,8050,dst,30.0,22.0,6.0,10.0,2.0,0.0,0.0
18,19,Cincinnati Bengals (CIN),,,,,,,,,,,,17,118.0,6.9,51.1%,2023,8060,dst,44.0,17.0,9.0,11.0,1.0,0.0,1.0
19,20,Denver Broncos (DEN),,,,,,,,,,,,17,118.0,6.9,1.3%,2023,8090,dst,42.0,11.0,15.0,17.0,1.0,1.0,1.0
20,21,Green Bay Packers (GB),,,,,,,,,,,,17,115.0,6.8,5.6%,2023,8110,dst,45.0,7.0,11.0,10.0,2.0,0.0,0.0
21,22,Los Angeles Chargers (LAC),,,,,,,,,,,,17,112.0,6.6,22.8%,2023,8250,dst,48.0,9.0,12.0,13.0,0.0,0.0,1.0
22,23,New England Patriots (NE),,,,,,,,,,,,17,109.0,6.4,2.4%,2023,8180,dst,36.0,10.0,8.0,13.0,1.0,1.0,1.0
23,24,Seattle Seahawks (SEA),,,,,,,,,,,,17,109.0,6.4,35.3%,2023,8260,dst,47.0,11.0,8.0,12.0,3.0,0.0,0.0
24,25,Detroit Lions (DET),,,,,,,,,,,,17,107.0,6.3,67.4%,2023,8100,dst,41.0,16.0,6.0,11.0,1.0,1.0,0.0
25,26,Tennessee Titans (TEN),,,,,,,,,,,,17,102.0,6.0,0.9%,2023,8300,dst,45.0,6.0,8.0,11.0,1.0,0.0,0.0
26,27,Philadelphia Eagles (PHI),,,,,,,,,,,,17,101.0,5.9,15.5%,2023,8230,dst,43.0,9.0,8.0,13.0,3.0,1.0,0.0
27,28,Atlanta Falcons (ATL),,,,,,,,,,,,17,95.0,5.6,7.6%,2023,8010,dst,42.0,8.0,8.0,18.0,1.0,1.0,0.0
28,29,Los Angeles Rams (LAR),,,,,,,,,,,,17,83.0,4.9,1.0%,2023,8280,dst,41.0,10.0,5.0,7.0,0.0,2.0,0.0
29,30,Carolina Panthers (CAR),,,,,,,,,,,,17,71.0,4.2,0.9%,2023,8040,dst,27.0,8.0,3.0,5.0,2.0,0.0,1.0
30,31,Arizona Cardinals (ARI),,,,,,,,,,,,17,65.0,3.8,0.4%,2023,8000,dst,33.0,11.0,6.0,4.0,1.0,0.0,0.0
31,32,Washington Commanders (WAS),,,,,,,,,,,,17,64.0,3.8,0.9%,2023,8310,dst,39.0,8.0,10.0,10.0,0.0,0.0,0.0
0,1,Dallas Cowboys (DAL),,,,,,,,,,,,17,178.0,10.5,97.7%,2024,8080,dst,46.0,17.0,9.0,14.0,6.0,1.0,1.0
1,2,Baltimore Ravens (BAL),,,,,,,,,,,,17,174.0,10.2,96.1%,2024,8020,dst,60.0,18.0,13.0,16.0,1.0,1.0,1.0
2,3,Buffalo Bills (BUF),,,,,,,,,,,,17,159.0,9.4,26.6%,2024,8030,dst,54.0,18.0,12.0,12.0,2.0,0.0,1.0
3,4,New York Jets (NYJ),,,,,,,,,,,,17,154.0,9.1,90.1%,2024,8210,dst,48.0,17.0,10.0,13.0,3.0,3.0,1.0
4,5,Cleveland Browns (CLE),,,,,,,,,,,,17,153.0,9.0,98.4%,2024,8070,dst,49.0,18.0,10.0,12.0,3.0,0.0,0.0
5,6,Miami Dolphins (MIA),,,,,,,,,,,,17,152.0,8.9,71.6%,2024,8160,dst,56.0,15.0,12.0,14.0,4.0,0.0,0.0
6,7,Las Vegas Raiders (LV),,,,,,,,,,,,17,146.0,8.6,6.0%,2024,8220,dst,46.0,13.0,9.0,13.0,5.0,1.0,0.0
7,8,Pittsburgh Steelers (PIT),,,,,,,,,,,,17,143.0,8.4,88.6%,2024,8240,dst,47.0,16.0,11.0,18.0,2.0,1.0,0.0
8,9,New Orleans Saints (NO),,,,,,,,,,,,17,143.0,8.4,78.6%,2024,8190,dst,34.0,18.0,11.0,9.0,2.0,0.0,1.0
9,10,San Francisco 49ers (SF),,,,,,,,,,,,17,141.0,8.3,98.5%,2024,8270,dst,48.0,22.0,6.0,10.0,1.0,1.0,0.0
10,11,Indianapolis Colts (IND),,,,,,,,,,,,17,139.0,8.2,4.8%,2024,8130,dst,51.0,15.0,9.0,16.0,4.0,1.0,1.0
11,12,Kansas City Chiefs (KC),,,,,,,,,,,,17,134.0,7.9,66.7%,2024,8150,dst,57.0,8.0,9.0,14.0,2.0,0.0,0.0
12,13,Tampa Bay Buccaneers (TB),,,,,,,,,,,,17,133.0,7.8,3.9%,2024,8290,dst,48.0,13.0,12.0,18.0,1.0,1.0,0.0
13,14,New York Giants (NYG),,,,,,,,,,,,17,131.0,7.7,5.3%,2024,8200,dst,34.0,18.0,13.0,15.0,3.0,0.0,1.0
14,15,Houston Texans (HOU),,,,,,,,,,,,17,131.0,7.7,15.7%,2024,8120,dst,46.0,14.0,10.0,13.0,1.0,0.0,2.0
15,16,Minnesota Vikings (MIN),,,,,,,,,,,,17,124.0,7.3,13.7%,2024,8170,dst,43.0,11.0,11.0,21.0,2.0,0.0,0.0
16,17,Jacksonville Jaguars (JAC),,,,,,,,,,,,17,120.0,7.1,23.4%,2024,8140,dst,40.0,16.0,11.0,11.0,2.0,0.0,0.0
17,18,Chicago Bears (CHI),,,,,,,,,,,,17,120.0,7.1,29.6%,2024,8050,dst,30.0,22.0,6.0,10.0,2.0,0.0,0.0
18,19,Cincinnati Bengals (CIN),,,,,,,,,,,,17,118.0,6.9,51.1%,2024,8060,dst,44.0,17.0,9.0,11.0,1.0,0.0,1.0
19,20,Denver Broncos (DEN),,,,,,,,,,,,17,118.0,6.9,1.3%,2024,8090,dst,42.0,11.0,15.0,17.0,1.0,1.0,1.0
20,21,Green Bay Packers (GB),,,,,,,,,,,,17,115.0,6.8,5.6%,2024,8110,dst,45.0,7.0,11.0,10.0,2.0,0.0,0.0
21,22,Los Angeles Chargers (LAC),,,,,,,,,,,,17,112.0,6.6,22.8%,2024,8250,dst,48.0,9.0,12.0,13.0,0.0,0.0,1.0
22,23,New England Patriots (NE),,,,,,,,,,,,17,109.0,6.4,2.4%,2024,8180,dst,36.0,10.0,8.0,13.0,1.0,1.0,1.0
23,24,Seattle Seahawks (SEA),,,,,,,,,,,,17,109.0,6.4,35.3%,2024,8260,dst,47.0,11.0,8.0,12.0,3.0,0.0,0.0
24,25,Detroit Lions (DET),,,,,,,,,,,,17,107.0,6.3,67.4%,2024,8100,dst,41.0,16.0,6.0,11.0,1.0,1.0,0.0
25,26,Tennessee Titans (TEN),,,,,,,,,,,,17,102.0,6.0,0.9%,2024,8300,dst,45.0,6.0,8.0,11.0,1.0,0.0,0.0
26,27,Philadelphia Eagles (PHI),,,,,,,,,,,,17,101.0,5.9,15.5%,2024,8230,dst,43.0,9.0,8.0,13.0,3.0,1.0,0.0
27,28,Atlanta Falcons (ATL),,,,,,,,,,,,17,95.0,5.6,7.6%,2024,8010,dst,42.0,8.0,8.0,18.0,1.0,1.0,0.0
28,29,Los Angeles Rams (LAR),,,,,,,,,,,,17,83.0,4.9,1.0%,2024,8280,dst,41.0,10.0,5.0,7.0,0.0,2.0,0.0
29,30,Carolina Panthers (CAR),,,,,,,,,,,,17,71.0,4.2,0.9%,2024,8040,dst,27.0,8.0,3.0,5.0,2.0,0.0,1.0
30,31,Arizona Cardinals (ARI),,,,,,,,,,,,17,65.0,3.8,0.4%,2024,8000,dst,33.0,11.0,6.0,4.0,1.0,0.0,0.0
31,32,Washington Commanders (WAS),,,,,,,,,,,,17,64.0,3.8,0.9%,2024,8310,dst,39.0,8.0,10.0,10.0,0.0,0.0,0.0
